TAXON_CONCEPT_ID	n_records
avibase-6ABDB635	28661
avibase-405CCAAE	27049
avibase-1FDDABDB	25769
avibase-CAFBA217	24759
avibase-AB937AEB	22435
avibase-DA2F24E3	21559
avibase-11FE7313	21259
avibase-CE7D41A6	20742
avibase-9888B3AE	19205
avibase-34D538E1	18913
avibase-550DE745	17341
avibase-94C71DF6	16719
avibase-BE1FE156	16372
avibase-75AAC17B	15525
avibase-03C0F97C	14678
avibase-9E9B6EF9	14597
avibase-AB1CB216	14246
avibase-D209A90C	14201
avibase-25A648FE	14114
avibase-1044B438	14052
avibase-6429024D	13952
avibase-BDF442F2	13582
avibase-5792867A	13546
avibase-FC10F6ED	13472
avibase-D0FA8EBE	13408
avibase-EAE77D96	13324
avibase-B2D6AB06	13051
avibase-58C502EA	12997
avibase-06D9A2C8	12883
avibase-8E9E45B5	12084
avibase-A19B0CF4	11789
avibase-07F940AA	11775
avibase-4F92C892	11598
avibase-DA106373	11544
avibase-A6EA9F02	11449
avibase-3809131C	11395
avibase-B4A4E4BF	11271
avibase-2AA4BC58	11190
avibase-2F23EDC6	11120
avibase-C0A68CA0	11032
avibase-D4F9B273	10954
avibase-7471E71D	10942
avibase-DBAB527C	10925
avibase-8205077F	10884
avibase-D10CAC5D	10705
avibase-580A93C2	10609
avibase-F5E92B22	10597
avibase-BD2BC35C	10523
avibase-909FEE8A	10418
avibase-2247CB05	10412
avibase-428DA7CD	10409
avibase-0868B50D	10409
avibase-DC456636	10226
avibase-8548B07E	9956
avibase-0419DDC2	9947
avibase-5ACC908D	9939
avibase-D41EDD2E	9874
avibase-3BB2565D	9781
avibase-90AFDF9E	9728
avibase-E255DCE1	9683
avibase-7DDB347E	9674
avibase-F6D547B2	9569
avibase-B85B93BB	9284
avibase-142E4CB7	9102
avibase-16BD42DD	9094
avibase-0059A2E0	9085
avibase-DE689967	9068
avibase-178B6892	8995
avibase-63F72CA7	8965
avibase-1611F295	8824
avibase-C5C38D98	8777
avibase-00855728	8541
avibase-B79D6B3D	8478
avibase-4AC57370	8319
avibase-F86BB1D3	8268
avibase-BE62734A	8260
avibase-E70F9747	8162
avibase-8DAF86A1	8062
avibase-F72A871F	8046
avibase-AF75AC32	8045
avibase-E45D9EB2	8029
avibase-49D9148A	8029
avibase-6CBD8724	7931
avibase-00B07B12	7892
avibase-673E66F0	7828
avibase-6A0D6123	7789
avibase-866D07A0	7759
avibase-70170649	7675
avibase-DCBCCEB8	7518
avibase-D16D486D	7516
avibase-47DA0258	7476
avibase-97C47F3E	7348
avibase-8004C7E5	7278
avibase-7749C92B	7269
avibase-E281D783	7252
avibase-E8AA9E1C	7156
avibase-0D7CC717	7140
avibase-8E67DC5F	6993
avibase-3CAEB7CE	6908
avibase-A38BABE1	6846
avibase-240E3390	6808
avibase-9D95139B	6779
avibase-D2854489	6721
avibase-70BD722B	6721
avibase-DDC2CC92	6675
avibase-148F0B01	6673
avibase-7149F93D	6610
avibase-0D9BFED1	6572
avibase-C8880D28	6563
avibase-F2858F9F	6562
avibase-B5B6EC7B	6555
avibase-69EB514A	6554
avibase-215FEA89	6537
avibase-345658E9	6496
avibase-836EDA33	6460
avibase-CA4839B2	6453
avibase-B022292C	6346
avibase-4CCFF282	6169
avibase-DB4998D1	6156
avibase-4DC2B23C	6058
avibase-DE36D3BD	6013
avibase-621F6E07	5970
avibase-61CB98C0	5841
avibase-4183643D	5839
avibase-02B6A30C	5810
avibase-1953C1D6	5809
avibase-0A241B83	5720
avibase-26A34DA5	5702
avibase-53EABB81	5661
avibase-0CCD664D	5630
avibase-A9030503	5609
avibase-18B415D2	5514
avibase-6E95C4A9	5460
avibase-1FACD210	5433
avibase-14B9664A	5417
avibase-FA3A1F20	5416
avibase-1DA06308	5344
avibase-0482FA7E	5330
avibase-8BAFB01E	5302
avibase-2B6DE136	5300
avibase-E09F7223	5261
avibase-C3ABF863	5246
avibase-7F64AD87	5208
avibase-FDA2E4A3	5188
avibase-728B225E	5168
avibase-3B287014	5163
avibase-31E5F1E9	5106
avibase-5D970425	5058
avibase-FA9F6019	5052
avibase-94214F1C	5050
avibase-D419E3A5	5028
avibase-F1CCA0AA	5009
avibase-28CACA8F	4979
avibase-A534AFEA	4909
avibase-97D7865F	4895
avibase-88F4B969	4872
avibase-C505EA72	4844
avibase-A4CF3B9E	4839
avibase-967545BC	4820
avibase-672EA454	4779
avibase-4FC41CA0	4762
avibase-03C4A0C9	4714
avibase-A6083057	4643
avibase-66AA3934	4573
avibase-6B64558B	4570
avibase-CE73EBD7	4551
avibase-6483A467	4548
avibase-76B512B1	4524
avibase-9936FF4A	4457
avibase-169B483C	4429
avibase-508D5CA2	4420
avibase-5983D677	4418
avibase-DF526047	4400
avibase-EE8206E7	4338
avibase-EE9C6A5E	4304
avibase-2D86B0D2	4291
avibase-3DF5C587	4258
avibase-8F82FF8C	4252
avibase-AB51824B	4246
avibase-7308278F	4244
avibase-FCD72CEE	4236
avibase-5AC9F737	4217
avibase-B06A9079	4106
avibase-53A5E91F	4098
avibase-39868903	4063
avibase-8F6876AC	4059
avibase-C7708C70	4035
avibase-64772F0F	4019
avibase-0F9B5174	4004
avibase-E069A0BB	3916
avibase-0195CFDD	3913
avibase-F9031A09	3911
avibase-FA2F9125	3901
avibase-D4540F88	3892
avibase-36DF115B	3877
avibase-861DA135	3875
avibase-A7B17EFC	3874
avibase-97A73D9F	3873
avibase-90C937E4	3816
avibase-00146574	3779
avibase-B1A3AF6C	3773
avibase-902E9F69	3755
avibase-2D0C83B2	3742
avibase-00D5E1C6	3741
avibase-F7A3FA35	3735
avibase-5C7936A7	3735
avibase-70AFED2C	3731
avibase-8770C6A7	3721
avibase-53235FDC	3707
avibase-79A45DAF	3659
avibase-9EB53638	3653
avibase-C7888A15	3638
avibase-F3DCCA8F	3621
avibase-2DABF98F	3616
avibase-0F0DCC2F	3596
avibase-8D24E93C	3592
avibase-573C3683	3591
avibase-4F9D43DE	3571
avibase-FC6C191F	3543
avibase-E6C6F746	3526
avibase-373DCDF4	3511
avibase-88AAE3D3	3481
avibase-0ECD9D58	3455
avibase-4D19099B	3452
avibase-F7D5320E	3430
avibase-FCDA4F09	3429
avibase-EAC8528E	3360
avibase-922DE9C1	3346
avibase-BCA0F974	3341
avibase-BF553D32	3329
avibase-87168739	3308
avibase-570C1121	3305
avibase-EDA37B7C	3301
avibase-6EB497FA	3277
avibase-562F4456	3276
avibase-3E3AFB25	3253
avibase-99F447AD	3199
avibase-E10D0809	3192
avibase-ECC3F122	3186
avibase-FA03A965	3139
avibase-40A2405D	3130
avibase-E4573453	3123
avibase-C90890A3	3120
avibase-8B8AC14A	3114
avibase-15CF9352	3111
avibase-01BFAE61	3109
avibase-B55BADC1	3026
avibase-749E7B3C	3022
avibase-3B52D2B8	3010
avibase-EE79A5EF	2999
avibase-D3B1A98B	2958
avibase-96CCAFEE	2955
avibase-022798AB	2952
avibase-BA01A793	2949
avibase-7451A628	2947
avibase-968D57F9	2932
avibase-46847C50	2896
avibase-0F14ECE4	2826
avibase-5350D0E8	2824
avibase-38507A80	2814
avibase-E6576A8D	2812
avibase-B0F2FB67	2811
avibase-5157C558	2809
avibase-EBD3129B	2802
avibase-074251A3	2802
avibase-4192DE77	2787
avibase-9185D29D	2741
avibase-8F052626	2695
avibase-D8F2F78B	2676
avibase-D1C1A026	2666
avibase-6904D83F	2666
avibase-4FF4CAF8	2656
avibase-3D155653	2650
avibase-F51C1C4A	2641
avibase-69661C7D	2641
avibase-43CAAEE3	2631
avibase-DFC5A27D	2619
avibase-5FA94F66	2614
avibase-EE674721	2597
avibase-F03BE6C3	2581
avibase-47E71671	2552
avibase-F80D69C2	2540
avibase-8A9A7AAA	2540
avibase-562E17AB	2538
avibase-02428AC1	2531
avibase-56209052	2511
avibase-6DE16262	2503
avibase-3395DCF1	2499
avibase-131038AD	2485
avibase-FA831F65	2483
avibase-1FDA0172	2478
avibase-7AB4E42B	2461
avibase-006667E7	2454
avibase-E9ED7248	2408
avibase-32C216E2	2398
avibase-641068BB	2390
avibase-40329BB6	2385
avibase-E358EC8A	2378
avibase-CF2E9674	2374
avibase-819AB823	2374
avibase-47053A35	2360
avibase-29820AD9	2355
avibase-EF6101F4	2342
avibase-6A1F6033	2335
avibase-01A3BE3C	2332
avibase-747B3A52	2324
avibase-3BCD9CB0	2320
avibase-6DD8F10F	2318
avibase-535F3C99	2317
avibase-7A8A8FCF	2298
avibase-215428B0	2285
avibase-24F71192	2277
avibase-F40197D6	2274
avibase-7B0E2F01	2262
avibase-F188F8C8	2231
avibase-1E3B3515	2231
avibase-C0998BB9	2202
avibase-55997100	2154
avibase-6BB94D7E	2153
avibase-C73ED2F5	2142
avibase-E15225F1	2138
avibase-862F6F04	2131
avibase-F93910B4	2123
avibase-862749B0	2120
avibase-65856D49	2085
avibase-7542C6F1	2079
avibase-F2CEFD1A	2075
avibase-91FD087B	2057
avibase-736D38E7	2041
avibase-A0DC8E87	2029
avibase-70CB00EC	2029
avibase-ECD7C1D8	2025
avibase-D33D2F6D	2023
avibase-C649EA57	2023
avibase-1AED683B	2007
avibase-2FB34D83	2003
avibase-83D95620	1996
avibase-143A681C	1996
avibase-22647E26	1994
avibase-B48D417F	1989
avibase-2624054E	1980
avibase-A635F565	1975
avibase-F5DE9155	1968
avibase-7350FE4C	1966
avibase-70312286	1953
avibase-35A1472C	1941
avibase-9A418C45	1939
avibase-63B6412E	1929
avibase-CF870445	1916
avibase-FAFA576B	1901
avibase-3D3808E3	1897
avibase-7A841F83	1887
avibase-28825494	1873
avibase-3C0C325D	1858
avibase-95054CA5	1856
avibase-CDDA63E0	1853
avibase-EBDC03AA	1850
avibase-0C571D99	1838
avibase-2DAB45B8	1831
avibase-5C9DDB02	1827
avibase-982C918E	1826
avibase-40781028	1820
avibase-70129CB1	1816
avibase-DCFFEEC1	1791
avibase-4602AC01	1775
avibase-25DA0F41	1773
avibase-0133C47B	1773
avibase-5D82C13B	1772
avibase-EB01B24C	1766
avibase-54494BCE	1761
avibase-86BEAFA6	1744
avibase-6523C1F4	1741
avibase-1B309CB5	1731
avibase-61F9065B	1726
avibase-E2A19474	1722
avibase-4AA7817D	1717
avibase-91429F78	1713
avibase-EBBD09CA	1707
avibase-AEE2063F	1696
avibase-B08FF959	1689
avibase-BF0A0954	1685
avibase-77D82F60	1666
avibase-B15F4C49	1652
avibase-97166F72	1643
avibase-B0DD1318	1634
avibase-2125426A	1630
avibase-2103011F	1630
avibase-87071086	1613
avibase-A6034D7F	1600
avibase-7FED5700	1598
avibase-230A0342	1593
avibase-30FEC6BE	1591
avibase-DF0759C0	1566
avibase-427D7FD6	1559
avibase-92A772BB	1553
avibase-D2AFD39B	1547
avibase-533DD36C	1534
avibase-CE1CF6FD	1530
avibase-5E822C9C	1517
avibase-5011E123	1504
avibase-B9104F62	1500
avibase-94A1C447	1496
avibase-3948131B	1495
avibase-B2F86107	1486
avibase-ADDB3611	1469
avibase-B9BE800C	1465
avibase-23D5FC36	1450
avibase-9E034D83	1440
avibase-72386016	1434
avibase-2C7BA3A6	1424
avibase-8E8B3DB9	1423
avibase-D083BB3F	1419
avibase-BAE527A2	1418
avibase-523913AE	1409
avibase-F8B6EC31	1408
avibase-F774B577	1404
avibase-83D329B5	1403
avibase-D8177CEC	1389
avibase-27903EF7	1389
avibase-AB38EDFD	1384
avibase-E8F03B18	1378
avibase-EE7915A2	1375
avibase-F5A73AAA	1374
avibase-E8DEABBD	1373
avibase-42E93B64	1373
avibase-14F13C32	1369
avibase-ACF0F1A2	1339
avibase-1B11690B	1336
avibase-95B6C7C5	1333
avibase-610FFD8E	1329
avibase-3996ECD0	1327
avibase-8B6EA5FA	1326
avibase-1373D324	1323
avibase-B95C3DE9	1321
avibase-3EEB66ED	1319
avibase-14885C18	1317
avibase-EEDB8253	1312
avibase-365F5E97	1303
avibase-1EAFAD9F	1303
avibase-8B7A6FE9	1295
avibase-F9305BAA	1276
avibase-1478AA79	1275
avibase-BECA271F	1260
avibase-9151E0BA	1252
avibase-438D0DFF	1249
avibase-5AF20251	1247
avibase-95A2F6E7	1246
avibase-7DE7F0ED	1244
avibase-5CAE6778	1235
avibase-4F2CC293	1235
avibase-FF9908ED	1231
avibase-93D7EC56	1230
avibase-F5E0EA0D	1224
avibase-7C822074	1223
avibase-E22B8495	1209
avibase-6EE45113	1208
avibase-0CA903BB	1204
avibase-3153FE22	1200
avibase-AEC1B69C	1199
avibase-C5D3CB2A	1187
avibase-D56ABB4E	1184
avibase-B38FDD3E	1178
avibase-3F2BA4F7	1170
avibase-ECFF22D2	1161
avibase-3846F8A8	1159
avibase-4FE76868	1155
avibase-AC89B8FF	1146
avibase-1A0ECB6E	1144
avibase-75DF194C	1142
avibase-7066D2F1	1135
avibase-FB740D14	1134
avibase-D531B5D3	1132
avibase-4849AA43	1132
avibase-E6BD3258	1131
avibase-C130193B	1129
avibase-EDB84334	1127
avibase-132E0773	1126
avibase-71C72002	1125
avibase-C7B05F46	1117
avibase-A31AC101	1117
avibase-67D43542	1114
avibase-4568986F	1111
avibase-002445CB	1105
avibase-4B2A7A35	1098
avibase-E27EEDC5	1097
avibase-7C3026CC	1095
avibase-1327AC55	1084
avibase-C49FA9A8	1083
avibase-56790B57	1080
avibase-DEE4829A	1079
avibase-72387112	1079
avibase-424B857C	1076
avibase-B418B155	1075
avibase-2EEDACD5	1075
avibase-5396F9FB	1063
avibase-4F01F416	1062
avibase-1ABAB622	1054
avibase-92908926	1035
avibase-54A902B5	1030
avibase-3A4D2B44	1029
avibase-6EBDD2D5	1022
avibase-AFA39D5A	1018
avibase-E2817DAE	1007
avibase-1EA13EB3	1007
avibase-828D3D5A	998
avibase-FBDCA962	997
avibase-E91E287A	996
avibase-14AFBA82	989
avibase-A0EDAEA2	985
avibase-71F6A3F0	976
avibase-6A84BDB8	976
avibase-16935B44	974
avibase-BAA83B0C	970
avibase-439FE608	966
avibase-20D915AD	964
avibase-9A60617E	959
avibase-402E7401	958
avibase-26CD0319	949
	942
avibase-C25F57BD	936
avibase-29D50ED5	933
avibase-865C039E	927
avibase-4E6EF3F9	927
avibase-B38CE692	923
avibase-B20CDCE3	921
avibase-FA7A6D02	915
avibase-D1FFB474	907
avibase-D01CDECD	906
avibase-5BFEFD9A	903
avibase-74853F89	898
avibase-BB05D1FC	897
avibase-98B9C10B	891
avibase-EF5EDE6D	886
avibase-A2C88219	881
avibase-D3390C6C	876
avibase-D6A69E06	873
avibase-847AE7B8	873
avibase-8E5252EB	871
avibase-22952180	870
avibase-566669CC	866
avibase-C73137EA	861
avibase-6D5992EE	860
avibase-16FEF081	860
avibase-319F6754	854
avibase-C3E33FEB	844
avibase-E88C0B71	843
avibase-FF79A533	840
avibase-864D4A4F	835
avibase-7D6F12FE	834
avibase-D4866EAE	831
avibase-92FDBAF0	824
avibase-A7E59764	823
avibase-3B3A6911	819
avibase-55E9B668	810
avibase-42D3918F	809
avibase-4C428439	807
avibase-2E6575A8	807
avibase-2B55E679	799
avibase-7EF4C99C	795
avibase-5A94FEAE	795
avibase-6F967270	790
avibase-FC6A9CD0	788
avibase-06B9BD24	788
avibase-5C54F8C9	787
avibase-DA3F40DB	786
avibase-65393B92	785
avibase-37D0D696	783
avibase-8852337B	779
avibase-C978ABCC	778
avibase-36C0242E	778
avibase-78F55CF1	777
avibase-0E9C6F45	769
avibase-72CAA64D	761
avibase-870E4DDA	756
avibase-EA326EA2	750
avibase-46A1FC77	749
avibase-2F66131B	739
avibase-7D340BF9	724
avibase-6D72B23C	715
avibase-5A58B69A	715
avibase-4A58452B	709
avibase-2379E3EB	708
avibase-A6A4FC63	699
avibase-19D053B3	696
avibase-6091E70B	694
avibase-26F27894	694
avibase-77F0C62C	691
avibase-02AD152F	686
avibase-47E58408	684
avibase-842FF43C	676
avibase-7516E687	675
avibase-4713982B	674
avibase-DC8CC91D	668
avibase-93EC5E12	666
avibase-5B9EA71C	664
avibase-F0AA4FE4	662
avibase-201E1243	662
avibase-E11D6D66	657
avibase-BA63C545	655
avibase-D5846D2A	654
avibase-6EC66752	653
avibase-8EB0AB41	652
avibase-454B5CD5	651
avibase-9387DC41	650
avibase-95F08BC3	645
avibase-10B14696	643
avibase-95A02709	641
avibase-7C7F0DEE	638
avibase-ED4CE8E7	633
avibase-D0A5FADB	633
avibase-7DF00403	627
avibase-B8DC9636	626
avibase-7C879D6D	625
avibase-4B8CC285	625
avibase-0EA5F2E1	624
avibase-DC3050A9	619
avibase-A15F6836	619
avibase-90D0D245	619
avibase-3A46A20C	617
avibase-36C24C3D	617
avibase-3D67C56A	614
avibase-3BB5CBA6	613
avibase-7DC78D7A	606
avibase-E561A180	601
avibase-9616C96E	599
avibase-B3D2C3C5	597
avibase-75E0430B	595
avibase-50BF77FB	590
avibase-6D3480A6	588
avibase-3413C42C	585
avibase-2DA2C52F	584
avibase-9FF4EDB5	583
avibase-18ED7458	583
avibase-959151D9	582
avibase-0B4F3AA2	582
avibase-5CE2F0DC	581
avibase-8439A6E7	579
avibase-FED54E53	578
avibase-AE073221	578
avibase-17DE4B1F	577
avibase-724266B4	576
avibase-2D52E3A5	576
avibase-418C7CCB	573
avibase-C54D2FEE	572
avibase-FA1CAD29	571
avibase-0BD37CDF	571
avibase-E999FD2D	570
avibase-7BEB0003	568
avibase-264D0351	561
avibase-07AD6C76	561
avibase-9C52632A	553
avibase-F3715F7B	552
avibase-D1D9B619	552
avibase-1F360691	548
avibase-2F2CB724	544
avibase-224B2B08	544
avibase-960B56F2	542
avibase-CF1DDF4E	537
avibase-A02BCF5E	536
avibase-67F06823	532
avibase-2E2DE0B6	531
avibase-76FAC9A5	527
avibase-78B665BF	523
avibase-12EA0D5A	522
avibase-56A7F384	518
avibase-E5DF48FC	517
avibase-90FDC4CC	514
avibase-D2B15B3F	512
avibase-BF29E8B6	512
avibase-6EF64F69	510
avibase-66931B3F	510
avibase-2A2C169B	505
avibase-55CCEE2D	500
avibase-0018A99B	493
avibase-F9FB0226	491
avibase-F7D77F4A	491
avibase-489FFCA9	491
avibase-AEB2DA9B	490
avibase-FA137697	489
avibase-C38DEB1A	486
avibase-319D044A	486
avibase-15F017B7	482
avibase-25C26AB9	478
avibase-7AAD57AC	474
avibase-214B3533	474
avibase-F577BA0F	472
avibase-50F3668C	470
avibase-BC06BC0D	469
avibase-2680F124	467
avibase-35D60F12	466
avibase-D8A51184	463
avibase-FB02DD96	462
avibase-8D562259	461
avibase-831FC147	459
avibase-75194A63	458
avibase-EE40DDB6	457
avibase-FED5AED5	456
avibase-2D157C82	455
avibase-19489268	454
avibase-2700C97D	445
avibase-D46EE5F8	444
avibase-4327F813	443
avibase-7C15B36B	442
avibase-D91540DE	441
avibase-4D2FF6F1	436
avibase-E6D52EF7	433
avibase-0B325B7F	433
avibase-FF2AF138	429
avibase-9144EF40	429
avibase-526978C4	425
avibase-5BD1E605	424
avibase-1F21FFE9	421
avibase-958F4A5E	415
avibase-B68BD0D2	409
avibase-F936B680	404
avibase-6B089785	401
avibase-EA2C460A	400
avibase-C2565B65	400
avibase-B675E006	399
avibase-2E4DAA13	397
avibase-E93A0F33	396
avibase-73BD4B29	396
avibase-F2C7AA06	395
avibase-98B15EE7	395
avibase-B10AD127	394
avibase-7B414273	394
avibase-71EF2ACB	393
avibase-6FC57210	391
avibase-4B21F4D8	391
avibase-F3618305	387
avibase-8EC7846A	384
avibase-8D05A048	382
avibase-8160D091	382
avibase-1AF3034A	376
avibase-6C81D39B	371
avibase-8ACC245F	370
avibase-A990EB0B	364
avibase-7CE29E0E	360
avibase-50490520	357
avibase-5B443EDE	356
avibase-C6D0CB7E	355
avibase-01C9752D	355
avibase-2C6D5362	349
avibase-C8857CC8	347
avibase-97E7A30B	346
avibase-706FEEB4	345
avibase-3C8C3A31	344
avibase-C1C255AA	343
avibase-D6F2837E	341
avibase-B24BD4A1	339
avibase-32DCEC14	339
avibase-1EEE86B8	339
avibase-98BA31AA	337
avibase-DAE4C523	336
avibase-5B74A911	333
avibase-9EE216F9	332
avibase-F3B46894	331
avibase-45A1D850	331
avibase-BD7C4F70	330
avibase-18A968DB	328
avibase-907B1140	327
avibase-915DABE2	326
avibase-9F2839A9	324
avibase-02E56D98	324
avibase-23ACB56E	321
avibase-0D52DFC7	320
avibase-C97A5C39	318
avibase-3C79F1AC	317
avibase-FEE35F4C	315
avibase-E6137E65	315
avibase-1EA60B94	315
avibase-8DB3F1A2	311
avibase-1F2F7323	311
avibase-61F0E581	307
avibase-5ACF7FB3	304
avibase-3E4783BA	304
avibase-69E3504C	302
avibase-E3C780D6	298
avibase-E6A0D208	297
avibase-20C23C74	297
avibase-ACDC8DEE	295
avibase-F8469E3F	294
avibase-E0D521B7	283
avibase-1C2F4E80	283
avibase-987C8F6E	281
avibase-2E3D5AAF	280
avibase-CDC724FD	279
avibase-ED5A7E8F	278
avibase-3D122849	278
avibase-AD6E9B95	277
avibase-5238FF10	277
avibase-43FE4788	277
avibase-596BDE51	275
avibase-53288666	273
avibase-CAFE345D	272
avibase-6938F4A4	272
avibase-3690F067	272
avibase-2F467821	272
avibase-56CCA717	269
avibase-78573BB2	268
avibase-80D4B0FE	266
avibase-1E5D636D	264
avibase-B01090EF	256
avibase-1350773F	255
avibase-C54DCA26	254
avibase-35EC3BBF	254
avibase-3F0EE474	252
avibase-0895DD84	252
avibase-FB96690D	251
avibase-8C13DA6F	248
avibase-29B03FAE	247
avibase-A28F0D10	245
avibase-0DA8BB90	245
avibase-DB09507D	243
avibase-87EEBD3E	243
avibase-26D9F29E	241
avibase-0D419595	239
avibase-ED9EE880	237
avibase-ECC40D44	237
avibase-CFD25837	237
avibase-E4672C85	235
avibase-871F32D9	234
avibase-C0876FE9	233
avibase-DABC20A1	231
avibase-C1CBA33A	229
avibase-F56A73BF	228
avibase-2A2CC7B3	223
avibase-1E7CADC2	223
avibase-0394BA0B	223
avibase-EC7C1618	222
avibase-CD8DEBE3	222
avibase-9CE4FC4C	222
avibase-9A684C99	222
avibase-07FD1D4C	220
avibase-008B89FA	219
avibase-F840409E	218
avibase-BFF3AA65	215
avibase-83E21A84	214
avibase-648936C0	213
avibase-3805ACAD	213
avibase-7E3578A2	212
avibase-15B2DD49	210
avibase-7387E828	209
avibase-34E27C2A	209
avibase-D91BCC1B	208
avibase-2470FC01	208
avibase-84E0CEF2	207
avibase-5EA2B90C	207
avibase-CC7862AF	206
avibase-9DBAAB1D	206
avibase-3CD0F535	205
avibase-A927C1AE	204
avibase-74236837	203
avibase-FC085C6D	202
avibase-F44BD4BE	200
avibase-C9A1C773	200
avibase-4996833A	200
avibase-AB507233	199
avibase-A0A3B03D	199
avibase-B91DD3C8	198
avibase-791DED18	197
avibase-3B66D504	197
avibase-D5549C6D	193
avibase-85DF723B	192
avibase-80B649D4	189
avibase-0AA15ACA	189
avibase-64078193	186
avibase-9164F314	184
avibase-21ADC3ED	184
avibase-61CECCA7	181
avibase-DF7C8FC5	180
avibase-C6E4B594	180
avibase-2C504059	179
avibase-4A039821	178
avibase-0AC6CF82	178
avibase-73FB8B7A	169
avibase-22832FF4	167
avibase-95A724BE	165
avibase-FD2FEFFD	164
avibase-1A6B766A	164
avibase-F6B77E64	163
avibase-CD2F7C98	162
avibase-76E322E3	160
avibase-2C8B24B6	160
avibase-D916AABA	159
avibase-4321596C	158
avibase-F7932185	157
avibase-D6BFC73A	156
avibase-A20878F0	156
avibase-C69E0E28	155
avibase-6A64EFCB	155
avibase-5E456730	155
avibase-1066028B	154
avibase-E7C7EE3A	153
avibase-53E61277	153
avibase-0BC36521	153
avibase-8CA1A851	152
avibase-3029C547	150
avibase-7C3959D6	149
avibase-FB08E501	147
avibase-EF4617E8	147
avibase-BAE91683	147
avibase-8E612CF6	146
avibase-4B1A8533	146
avibase-1D25E0DB	146
avibase-EC0E680F	145
avibase-C59DFD44	145
avibase-B283E332	144
avibase-AC0F25BB	144
avibase-E4385C2A	141
avibase-07FFFF1F	141
avibase-52E6406E	139
avibase-84E4178E	137
avibase-4FD242D0	137
avibase-B49935ED	136
avibase-A744B03C	135
avibase-9AEEFA09	135
avibase-57B05159	135
avibase-4E61514C	134
avibase-6B9529AE	131
avibase-46DECAEE	126
avibase-7FC8B7ED	123
avibase-8F269702	121
avibase-B8D42059	120
avibase-8C50CB2D	119
avibase-1E2EC99C	118
avibase-A76838A0	117
avibase-0D42A253	115
avibase-8F18EC0A	112
avibase-AB8A3029	111
avibase-3FFC9B29	111
avibase-F4D0DB8E	110
avibase-2B020CA0	108
avibase-4971D1EF	106
avibase-3C12AA44	103
avibase-9ADA47C6	101
avibase-693FC6FD	99
avibase-80E8EBB8	98
avibase-60A39CF9	98
avibase-CF5C013D	95
avibase-35A2CCDF	95
avibase-0EDEEB49	94
avibase-BD0C066C	93
avibase-7C2B3DB6	90
avibase-77FEB897	90
avibase-5D14080C	90
avibase-17310BF0	89
avibase-FC1BE879	88
avibase-10B56544	88
avibase-E44FAD6F	87
avibase-A070171E	87
avibase-9D29C252	87
avibase-2AD52363	87
avibase-9DACBD08	86
avibase-5A184029	86
avibase-D2CAA18B	85
avibase-BE76A224	85
avibase-BA56C8FC	85
avibase-BD34FDFD	84
avibase-4592C07E	84
avibase-E05A96F3	83
avibase-B24A13C7	82
avibase-78DE8554	82
avibase-0405CA69	82
avibase-FDE2B5F5	81
avibase-0F82D614	81
avibase-9CAAD123	80
avibase-7DCA1C1E	80
avibase-4A83155B	80
avibase-14EF1335	80
avibase-95820ED1	79
avibase-8A3CDE4A	79
avibase-406E1A4D	79
avibase-F22CCF78	78
avibase-D7BF5045	77
avibase-F9F4B04D	76
avibase-5392A0C7	75
avibase-42C9B9B1	74
avibase-DF32B1F9	73
avibase-76E45A19	73
avibase-0A14882F	73
avibase-0DB2F2AE	71
avibase-42720061	70
avibase-3FD65FF2	69
avibase-21C4CE6A	69
avibase-BAC4CA22	68
avibase-6B552CE9	67
avibase-67EAC02D	67
avibase-3E7F825D	67
avibase-E9A83FB4	66
avibase-52B4F230	66
avibase-D30DC715	65
avibase-4FDBC0CB	65
avibase-375BAF53	65
avibase-7085B8A0	63
avibase-578C6971	63
avibase-49F5A801	63
avibase-27CE7132	63
avibase-8601529F	62
avibase-408639E6	61
avibase-400E032C	61
avibase-295B9665	61
avibase-75932535	60
avibase-59E7ABE5	60
avibase-4C7B3D81	60
avibase-6ADB636C	59
avibase-09A0F2EB	59
avibase-3D25568A	58
avibase-27012CC9	58
avibase-6A1ED1C2	57
avibase-0669BFE7	56
avibase-F5D22166	55
avibase-CEF3A2C9	55
avibase-9EA1F12D	55
avibase-5BFC242D	55
avibase-37863AE7	55
avibase-71682A47	54
avibase-5108E1D3	54
avibase-3E39D1D8	54
avibase-0CEB2DA6	54
avibase-419AEB97	53
avibase-CDC8A3E6	52
avibase-D8E67602	51
avibase-AEEED5D0	51
avibase-45C55FDE	51
avibase-E6F3BA54	50
avibase-CBA39A29	50
avibase-A23B8E7A	49
avibase-28BE1D24	49
avibase-428EC94D	48
avibase-CE117986	47
avibase-840E4B9F	46
avibase-7C876763	46
avibase-4C35510F	46
avibase-4A24F0A2	46
avibase-ADC1F0C9	45
avibase-A526534E	45
avibase-5351025C	45
avibase-F8FCE84A	44
avibase-CB7FB32A	44
avibase-9EA74ADA	44
avibase-FF41B79F	42
avibase-3D09BB60	42
avibase-2E6CDA96	42
avibase-F1A4B955	41
avibase-81DB7410	41
avibase-65EF9CD1	41
avibase-52440FBD	41
avibase-ED663165	40
avibase-E3798D6F	40
avibase-18B10CF9	40
avibase-129EE03B	40
avibase-F375B25B	39
avibase-E75BA92C	39
avibase-B285E2B0	39
avibase-126E0CFA	39
avibase-EADB2314	38
avibase-429FF689	38
avibase-03F9EB15	38
avibase-011057AD	38
avibase-A77D4A77	37
avibase-A51A5F84	37
avibase-25F4FE96	37
avibase-B2E6AB9F	36
avibase-869C978C	36
avibase-5945349B	36
avibase-4850C24A	36
avibase-461482EA	36
avibase-1D07B501	36
avibase-CC65921F	35
avibase-9CDA630C	35
avibase-8492E4B7	35
avibase-4B8D1BAD	35
avibase-D5384047	34
avibase-CD569EC4	34
avibase-B142856F	34
avibase-9732B683	34
avibase-626D56E4	34
avibase-CA08045E	33
avibase-A2E4F761	33
avibase-5B603707	33
avibase-FCBBCD61	32
avibase-4ED105CA	32
avibase-66F40AD0	31
avibase-572C4C7F	31
avibase-22D1B4A2	31
avibase-E1F6A875	30
avibase-AAE6F743	30
avibase-6EC9AAA4	30
avibase-68E80B6A	30
avibase-60A9B5E3	30
avibase-2AA13F1D	30
avibase-D029B521	29
avibase-BDB1EBDD	29
avibase-6A0BA87A	29
avibase-1BC5FAD4	29
avibase-F8041931	28
avibase-E6518B9D	28
avibase-D81AC961	27
avibase-BE56C141	27
avibase-B552AFE3	27
avibase-7E9CC505	27
avibase-373286B2	27
avibase-277B3BB4	27
avibase-E593807A	26
avibase-B0E7740F	26
avibase-8995B8DE	26
avibase-80BC978E	26
avibase-C235C72D	25
avibase-BEDA5DA6	25
avibase-948ED65C	25
avibase-844A290B	25
avibase-6D833566	25
avibase-68A80086	25
avibase-06DD9D95	25
avibase-034B2A6A	25
avibase-023D6E38	25
avibase-AEEF72BC	24
avibase-A90C512F	24
avibase-681F4BB8	24
avibase-079BB199	24
avibase-579DF94A	23
avibase-0188C7DA	23
avibase-F5145338	22
avibase-F4E78AFA	22
avibase-A82387F1	22
avibase-83E5801B	22
avibase-7FEAEF5D	22
avibase-739A97EE	22
avibase-2F65DBDD	22
avibase-07C11CF3	22
avibase-FFEE3236	21
avibase-E79026DE	21
avibase-BCCD5840	21
avibase-BC6C3CCE	21
avibase-B605A049	21
avibase-7784550D	21
avibase-45D3FD5A	21
avibase-1E12D857	21
avibase-E0093565	20
avibase-BD7558AD	20
avibase-83E9421C	20
avibase-7E257242	20
avibase-5C7D1CC1	20
avibase-34D5B04D	20
avibase-195C3DCD	20
avibase-E7DC526A	19
avibase-CA851436	19
avibase-857DCDD5	19
avibase-528F0652	19
avibase-0319D393	19
avibase-E40C1C33	18
avibase-D3FDB845	18
avibase-CE884D49	18
avibase-A96F1467	18
avibase-8AB622BB	18
avibase-788EBCAB	18
avibase-718A3B70	18
avibase-67930127	18
avibase-198120BB	18
avibase-E94A7272	17
avibase-9BF60D8D	17
avibase-7EF4005E	17
avibase-7B40A436	17
avibase-7AFF9ACE	17
avibase-6A394479	17
avibase-19EDD44C	17
avibase-F837F893	16
avibase-D36F4D98	16
avibase-D295D249	16
avibase-CAC5AD6C	16
avibase-7701002A	16
avibase-6E5BE71A	16
avibase-6443257B	16
avibase-561DC9AC	16
avibase-521D2C7A	16
avibase-3FC23978	16
avibase-0C24147B	16
avibase-F7504353	15
avibase-DB376A66	15
avibase-D0EAD8A3	15
avibase-797FD302	15
avibase-6E352E18	15
avibase-5C0BC05C	15
avibase-529E7777	15
avibase-4A1F1D11	15
avibase-2BD7F8B5	15
avibase-0DA72A61	15
avibase-0A4609D1	15
avibase-0902EAF7	15
avibase-7763FEC8	14
avibase-6C7BEEC6	14
avibase-33DBF5CC	14
avibase-2C7AA154	14
avibase-2A3F24F8	14
avibase-FE572264	13
avibase-B2E413B2	13
avibase-9C66B09E	13
avibase-9178651C	13
avibase-64E386FE	13
avibase-56C6CBA8	13
avibase-15EE0D36	13
avibase-09ED7E92	13
avibase-02167D7E	13
avibase-FDCCFEC1	12
avibase-F45DB563	12
avibase-D7A0E987	12
avibase-B21A37E7	12
avibase-AE3ADDBA	12
avibase-AC5DD3C5	12
avibase-9A4AA945	12
avibase-4A53AC34	12
avibase-469DCF57	12
avibase-2723EFFC	12
avibase-08D76E8B	12
avibase-F86E768E	11
avibase-CDF4A106	11
avibase-8504A7A2	11
avibase-7884F0D6	11
avibase-6E682612	11
avibase-56467226	11
avibase-5086F50B	11
avibase-47210561	11
avibase-46C90944	11
avibase-3F7E03BE	11
avibase-FC523946	10
avibase-EE2F3B61	10
avibase-DCA6C565	10
avibase-CAA45AC6	10
avibase-87289665	10
avibase-83F7457A	10
avibase-69A488E1	10
avibase-439F76D1	10
avibase-38EA4555	10
avibase-17E7F90B	10
avibase-9CCAD0BE	9
avibase-951890AD	9
avibase-8D6CB009	9
avibase-8D04DAAF	9
avibase-87797B47	9
avibase-8490C7B3	9
avibase-6348DE74	9
avibase-5834C524	9
avibase-49A14FC7	9
avibase-441918B5	9
avibase-2914C00D	9
avibase-27BE329F	9
avibase-2064577F	9
avibase-1CB41EB5	9
avibase-FB84DF4D	8
avibase-F9F5CAB0	8
avibase-F501ED18	8
avibase-E90CC64A	8
avibase-E578ADF2	8
avibase-D0F12B80	8
avibase-CA34C05A	8
avibase-CA0A7867	8
avibase-AA4385A2	8
avibase-A5E8FB97	8
avibase-A113792C	8
avibase-8FB8FBF2	8
avibase-7C8BC7CF	8
avibase-6BAC8CC1	8
avibase-5EC21767	8
avibase-5C70AA7D	8
avibase-51FD3E3C	8
avibase-50DE709E	8
avibase-4167B45D	8
avibase-41141E35	8
avibase-310375B6	8
avibase-18546CF6	8
avibase-115F04DD	8
avibase-01B04C17	8
avibase-D624520A	7
avibase-D4A066EA	7
avibase-C4482AC9	7
avibase-AF0D818A	7
avibase-9D3C044A	7
avibase-997A9437	7
avibase-89C51401	7
avibase-876F7E82	7
avibase-7E70D490	7
avibase-73875E1D	7
avibase-6E8EA94E	7
avibase-5DEB4565	7
avibase-57816EB6	7
avibase-460708F9	7
avibase-2EB52576	7
avibase-259134DB	7
avibase-1FF0754B	7
avibase-086290D2	7
avibase-06A622A3	7
avibase-060AF4FA	7
avibase-F00CC288	6
avibase-D7149E6A	6
avibase-C7DB323E	6
avibase-C07FB88A	6
avibase-C001949F	6
avibase-ACC99F35	6
avibase-AA5D30DA	6
avibase-9291885C	6
avibase-91311B39	6
avibase-910E6D86	6
avibase-881C954D	6
avibase-830FF017	6
avibase-76CA334E	6
avibase-5672A1E0	6
avibase-4EF541F0	6
avibase-4D321548	6
avibase-486103D7	6
avibase-1725B07D	6
avibase-15369E8E	6
avibase-13967506	6
avibase-0C8B9FA4	6
avibase-F234B7E3	5
avibase-EF930CDC	5
avibase-EF6293B7	5
avibase-DDEF7228	5
avibase-DB27CEDE	5
avibase-D85EF404	5
avibase-D418393D	5
avibase-CDC09064	5
avibase-C2E11E81	5
avibase-BF3D3E26	5
avibase-BC4B1C57	5
avibase-BBBFDD5B	5
avibase-AC5AE0A0	5
avibase-A79D06E6	5
avibase-A6DFFC15	5
avibase-8E03D909	5
avibase-80A3185D	5
avibase-7CB8F5B7	5
avibase-6E9DA935	5
avibase-688582BF	5
avibase-6068DA65	5
avibase-5B115F6C	5
avibase-5788552B	5
avibase-535524BE	5
avibase-50F1F47F	5
avibase-4B5155CD	5
avibase-39086887	5
avibase-2E4AEDD6	5
avibase-115CB3F4	5
avibase-1153E1D7	5
avibase-0AF8F76D	5
avibase-E91E7830	4
avibase-E32DAEE2	4
avibase-D0C68FE0	4
avibase-C67FD539	4
avibase-C235A4D7	4
avibase-C06D1FF2	4
avibase-BDEB541C	4
avibase-BA7B32E6	4
avibase-B687ACB6	4
avibase-A0A584C1	4
avibase-9D784624	4
avibase-9C172F06	4
avibase-8E833C63	4
avibase-861272FD	4
avibase-8372FFBA	4
avibase-7C2760B2	4
avibase-71A552DA	4
avibase-66EC1A85	4
avibase-5235C469	4
avibase-502D1AE0	4
avibase-484D0DD5	4
avibase-47B16A4A	4
avibase-376C6C1A	4
avibase-2E0E6C82	4
avibase-250CDA58	4
avibase-1FA0B593	4
avibase-1C615B6F	4
avibase-1A15F0C6	4
avibase-0F3218D7	4
avibase-0D8BDD35	4
avibase-04B49AE7	4
avibase-02E915C3	4
avibase-F9A7FAD9	3
avibase-EBA9F2C4	3
avibase-EA72BB29	3
avibase-DF26171F	3
avibase-D980D726	3
avibase-D674D91D	3
avibase-D5813CA4	3
avibase-CF292C9B	3
avibase-C8D08ECB	3
avibase-C5FB15C6	3
avibase-C1B352F1	3
avibase-C11F1C12	3
avibase-BD3BFD8A	3
avibase-BBDF2F1B	3
avibase-BB11EE7F	3
avibase-B053AC57	3
avibase-AB8E1D95	3
avibase-9CE701D4	3
avibase-9CAC1F36	3
avibase-9BCEC568	3
avibase-8F123A11	3
avibase-85625D75	3
avibase-7D1AE743	3
avibase-79A2F8F9	3
avibase-6BBD81D7	3
avibase-6B1CFC3C	3
avibase-6AB0EB18	3
avibase-67CEA1C1	3
avibase-640E47B9	3
avibase-5796E9FE	3
avibase-53456BBC	3
avibase-4F4A1BB5	3
avibase-47C7FDFD	3
avibase-437C0498	3
avibase-3DE7F2AD	3
avibase-37EE6EA4	3
avibase-2F29A1B1	3
avibase-24208346	3
avibase-13E3CACE	3
avibase-115AF02D	3
avibase-0F89114E	3
avibase-F9FCB9FF	2
avibase-F0DF132B	2
avibase-F029489A	2
avibase-EBC3B53B	2
avibase-E9566F8E	2
avibase-E7634E0C	2
avibase-E6E02622	2
avibase-E6536E4E	2
avibase-E34D8FF3	2
avibase-DFFFA2AF	2
avibase-DF735C10	2
avibase-DE0A72A7	2
avibase-CB278C60	2
avibase-C412CD62	2
avibase-C2E0717C	2
avibase-C2AAD5DC	2
avibase-C1A42CCA	2
avibase-BC0E4C9F	2
avibase-AF725C3D	2
avibase-AEE2DE26	2
avibase-ACE8EADE	2
avibase-A7F240E3	2
avibase-A376DE65	2
avibase-9FFEA7C6	2
avibase-91BF5CCC	2
avibase-89D03FB2	2
avibase-88A31713	2
avibase-7FEB60C6	2
avibase-7F15E186	2
avibase-7D629288	2
avibase-7C88491C	2
avibase-7C2BB4D3	2
avibase-690E6849	2
avibase-65FE8029	2
avibase-651384DF	2
avibase-619DFAA8	2
avibase-5F827B99	2
avibase-5E6847C8	2
avibase-59C39D59	2
avibase-5655C112	2
avibase-50F5EBAB	2
avibase-49EF9657	2
avibase-458C8CBE	2
avibase-41FE0937	2
avibase-3FC5A2BF	2
avibase-3AE2824D	2
avibase-35EB45A0	2
avibase-34568918	2
avibase-308228B1	2
avibase-2D11DA9C	2
avibase-2CC91390	2
avibase-1F1A981F	2
avibase-1BEB6E56	2
avibase-18A19380	2
avibase-1192205B	2
avibase-105C306C	2
avibase-0F42F11A	2
avibase-078BC0ED	2
avibase-FF7B87A6	1
avibase-FCE19E1C	1
avibase-FC219328	1
avibase-F89FD6E3	1
avibase-F693C990	1
avibase-F58AF0FB	1
avibase-F5740956	1
avibase-F3A85887	1
avibase-F0BFEA96	1
avibase-EE61E2CA	1
avibase-ED2A0A27	1
avibase-ECE36984	1
avibase-EC1D0E74	1
avibase-E8FAD0BB	1
avibase-E7C4CA9B	1
avibase-E6F5DF1B	1
avibase-E68E0A8E	1
avibase-E1325FAB	1
avibase-E12A0349	1
avibase-D8BFA987	1
avibase-D2921153	1
avibase-D12CDD0F	1
avibase-CD838330	1
avibase-C74D7BBB	1
avibase-C5585051	1
avibase-C5234C66	1
avibase-C08C7F95	1
avibase-C02E881D	1
avibase-BE85C81E	1
avibase-BDC5CF80	1
avibase-BBA263C2	1
avibase-BB456342	1
avibase-B81EFB36	1
avibase-B34CB92A	1
avibase-B31941C5	1
avibase-B20C6C46	1
avibase-AAC2D613	1
avibase-AABFC5F5	1
avibase-AA6F98CC	1
avibase-A96692E0	1
avibase-A55F651D	1
avibase-A52C2048	1
avibase-A435CAFE	1
avibase-A3E077E6	1
avibase-A20EA34D	1
avibase-A14D3117	1
avibase-A0148BE3	1
avibase-99B8841E	1
avibase-91E92828	1
avibase-9049D5C3	1
avibase-8FC49046	1
avibase-8338F12F	1
avibase-7CF91527	1
avibase-7C08B734	1
avibase-732238C2	1
avibase-70F43997	1
avibase-6EC04B48	1
avibase-6DA05B66	1
avibase-6AF31870	1
avibase-64DDD14D	1
avibase-568DE12E	1
avibase-51F61D82	1
avibase-4387C941	1
avibase-4091A51E	1
avibase-3EB9DD4F	1
avibase-3DDA5ED3	1
avibase-3C8E84A6	1
avibase-3A56BE4C	1
avibase-3A3C62BC	1
avibase-37548238	1
avibase-341298B9	1
avibase-3402C9BB	1
avibase-31413BFF	1
avibase-30C94735	1
avibase-30238523	1
avibase-2E4A97D9	1
avibase-2D46BB98	1
avibase-2D113C46	1
avibase-2C42345F	1
avibase-26618AA1	1
avibase-250123FB	1
avibase-2455B82B	1
avibase-22271F15	1
avibase-1F9D883E	1
avibase-1F504C6D	1
avibase-1D446440	1
avibase-1CF04E2E	1
avibase-1B28A4B6	1
avibase-184BA213	1
avibase-0D88C072	1
avibase-0D885A80	1
avibase-0C72A85C	1
avibase-0B2F8058	1
avibase-093E93E1	1
avibase-0874B4D5	1
avibase-01A7F964	1
avibase-00B66A15	1
