SEQ,common_name,scientific_name,merged_SEQ,ADU,avibaseID,flag,comment
1,Ostrich,Struthio camelus,,0,avibase-5D14080C,This species was re-introduced in Kisumu (60b),
2,Little Grebe,Tachybaptus ruficollis,,6,avibase-215FEA89,,
3,Black-necked Grebe,Podiceps nigricollis,,5,avibase-32DCEC14,,
4,Great Crested Grebe,Podiceps cristatus,,4,avibase-8F269702,,
5,Black-browed Albatross,Diomedea melanophris,,8,avibase-F9FCB9FF,Seabird species maps are unreliable because they are strongly depend on effort,
6,Pintado Petrel,Daption capense,,14,avibase-AAC2D613,Seabird species maps are unreliable because they are strongly depend on effort,
7,Broad-billed Prion,Pachyptila vittata,0,#N/A,#N/A,,"Re-identified as Thin-billed Prion Fanshawe, J.H., Prince, P. and Irwin, M. (1992). Black-bellied Storm Petrel Fregetta tropica, Antarctic Prion Pachyptila desolata, and Thin-billed Prion P. belcheri: three species new to Kenya and East Africa. Scopus. 15: 102–108."
8,Jouanin's Petrel,Bulweria fallax,,1011,avibase-F501ED18,"Species not recorded during both the old and new atlas, but recorded in Kenya. Seabird species maps are unreliable because they are strongly depend on effort",
9,Wedge-tailed Shearwater,Puffinus pacificus,,180,avibase-E94A7272,Seabird species maps are unreliable because they are strongly depend on effort,
10,Audubon's Shearwater,Puffinus lherminieri,,0,0,Seabird species maps are unreliable because they are strongly depend on effort,
11,Wilson's Storm Petrel,Oceanites oceanicus,,33,avibase-D295D249,Seabird species maps are unreliable because they are strongly depend on effort,
12,Leach's Storm Petrel,Oceanodroma leucorhoa,,31,avibase-C5FB15C6,Seabird species maps are unreliable because they are strongly depend on effort,
13,Matsudaira's Storm Petrel,Oceanodroma matsudairae,0,#N/A,#N/A,,Rejected
14,Red-tailed Tropicbird,Phaeton rubricauda,0,#N/A,#N/A,,"Rejected by Zimmerman et al. 1996. See East African Rarities Committee (EARC) Special Report
Species included for East African countries in Britton (1980)
which have since been considered unacceptable. https://eararities.org/downloads/Fisher,%20Pearson%20&%20Hunter%202016.pdf"
15,White-tailed Tropicbird,Phaeton lepturus,,40,avibase-1D07B501,,
16,Great White Pelican,Pelecanus onocrotalus,,42,avibase-8BAFB01E,,
17,Pink-backed Pelican,Pelecanus rufescens,,41,avibase-8D24E93C,,
18,Red-footed Booby,Sula sula,,1027,avibase-0A4609D1,,
19,Masked Booby,Sula dactylatra,,45,avibase-22D1B4A2,,
20,Brown Booby,Sula leucogaster,,46,avibase-5EC21767,,
21,Great Cormorant,Phalacrocorax carbo,,9638,avibase-3DF5C587,,
22,Long-tailed Cormorant,Phalacrocorax africanus,,50,avibase-E255DCE1,,
23,African Darter,Anhinga rufa,,52,avibase-5C7936A7,,
24,Greater Frigatebird,Fregata minor,,53,avibase-788EBCAB,This species is prone to misidentification and its maps might be affected by error.,
25,Lesser Frigatebird,Fregata ariel,,1013,avibase-09ED7E92,This species is prone to misidentification and its maps might be affected by error.,
26,Dwarf Bittern,Ixobrychus sturmii,,66,avibase-87EEBD3E,,
27,Little Bittern,Ixobrychus minutus,,67,avibase-7AAD57AC,,
28,White-backed Night Heron,Gorsachius leuconotus,,70,avibase-3C12AA44,,
29,Night Heron,Nycticorax nycticorax,,69,avibase-6BB94D7E,,
30,Cattle Egret,Bubulcus ibis,,61,avibase-AB1CB216,,
31,Squacco Heron,Ardeola ralloides,,62,avibase-CE73EBD7,,
32,Madagascar Squacco Heron,Ardeola idae,,883,avibase-EA2C460A,This species is prone to misidentification and its maps might be affected by error.,
33,Rufous-bellied Heron,Ardeola rufiventris,,65,avibase-AEB2DA9B,,
34,Green-backed Heron,Butorides striatus,,63,avibase-36DF115B,,
35,Little Egret,Egretta garzetta,,59,avibase-F2858F9F,,
36,African Reef Heron,Egretta gularis,,2190,avibase-DF32B1F9,This species is prone to misidentification and its maps might be affected by error.,
37,Black Heron,Egretta ardesiaca,,64,avibase-74853F89,,
38,Yellow-billed Egret,Egreta intermedia,,60,avibase-C3ABF863,,
39,Great White Egret,Egreta alba,,58,avibase-49D9148A,,
40,Grey Heron,Ardea cinerea,,54,avibase-6429024D,,
41,Purple Heron,Ardea purpurea,,57,avibase-3395DCF1,,
42,Goliath Heron,Ardea goliath,,56,avibase-C7888A15,,
43,Black-headed Heron,Ardea melanocephala,,55,avibase-25A648FE,,
44,Hamerkop,Scopus umbretta,,72,avibase-FC10F6ED,,
45,White Stork,Ciconia ciconia,,80,avibase-28825494,,
46,Black Stork,Ciconia nigra,,79,avibase-E2817DAE,,
47,Abdim's Stork,Ciconia abdimii,,78,avibase-26CD0319,,
48,Woolly-necked Stork,Ciconia episcopus,,77,avibase-F76E7B80,,
49,Saddle-billed Stork,Ephippiorhynchus senegalensis,,75,avibase-3D155653,,
50,Marabou Stork,Leptoptilos crumeniferus,,73,avibase-03C0F97C,,
51,Open-billed Stork,Anastomus lamelligerus,,74,avibase-0F14ECE4,,
52,Yellow-billed Stork,Mycteria ibis,,76,avibase-4F92C892,,
53,Sacred Ibis,Threskiornis aethiopicus,,81,avibase-550DE745,,
54,Hadada Ibis,Bostrychia hagedash,,84,avibase-CAFBA217,,
55,Green Ibis,Bostrychia olivacea,,2202,avibase-23ACB56E,,
56,Glossy Ibis,Plegadis falcinellus,,83,avibase-D4540F88,,
57,African Spoonbill,Platalea alba,,85,avibase-F86BB1D3,,
58,Eurasian Spoonbill,Platalea leucorodia,,2210,avibase-A0A584C1,This species is prone to misidentification and its maps might be affected by error.,
59,Greater Flamingo,Phoenicopterus ruber,,86,avibase-0F9B5174,,
60,Lesser Flamingo,Phoeniconaias minor,,87,avibase-B06A9079,,"CJ: Yes, the coastal increase certainly seems real. The literature was clear that LF were v rare on the coast. "
61,Fulvous Whistling Duck,Dendrocygna bicolor,,101,avibase-9A60617E,,
62,White-faced Whistling Duck,Dendrocygna viduata,,100,avibase-A534AFEA,,
63,Ruddy Shelduck,Tadorna ferruginea,0,#N/A,#N/A,,"Rejected by Zimmerman et al. 1996. See East African Rarities Committee (EARC) Special Report
Species included for East African countries in Britton (1980)
which have since been considered unacceptable. https://eararities.org/downloads/Fisher,%20Pearson%20&%20Hunter%202016.pdf"
64,Egyptian Goose,Alopochen aegyptiacus,,89,avibase-DA2F24E3,,
65,Spur-winged Goose,Plectopterus gambensis,,88,avibase-EB01B24C,,
66,Knob-billed Duck,Sarkidiornis melanotos,,91,avibase-3948131B,,
67,African Pygmy Goose,Nettapus auritus,,92,avibase-EC7C1618,,
68,African Black Duck,Anas sparsa,,95,avibase-1EAFAD9F,,
69,Cape Wigeon,Anas capensis,,98,avibase-25DA0F41,,
70,Wigeon,Anas penelope,,1280,avibase-15EE0D36,,
71,Gadwall,Anas strepera,,1282,avibase-C235A4D7,,"CJ: A rare bird previously, clearly become even rarer"
72,Teal,Anas crecca,,1274,avibase-BC6C3CCE,,
73,Garganey,Anas querquedula,,885,avibase-F577BA0F,,"CJ: Yes, this is surely a correct picture of its decline"
74,Yellow-billed Duck,Anas undulata,,96,avibase-7F64AD87,,CJ: Yes… interesting that it has gone from the coast. 
75,Northern Pintail,Anas acuta,,886,avibase-56CCA717,,
76,Red-billed Teal,Anas erythrorhynchos,,97,avibase-8F6876AC,,
77,Hottentot Teal,Anas hottentota,,99,avibase-FA831F65,,
78,Shoveler,Anas clypeata,,93,avibase-ED4CE8E7,,
79,Southern Pochard,Netta erythrophthalma,,102,avibase-36C0242E,,CJ: The Malindi increase is definitely due to much greater observer effort (L Jilore is visited MANY more times than it would have been during the first bird atlas..)
80,Northern Pochard,Aythya ferina,,1296,avibase-A96692E0,,
81,White-eyed Pochard,Aythya nyroca,,1304,avibase-7CF91527,,
82,Tufted Duck,Aythya fuligula,,1298,avibase-67CEA1C1,,CJ: SO interesting that this sp has vanished. It was always uncommon but now is not present.
83,Maccoa Duck,Oxyura maccoa,,103,avibase-1C2F4E80,,
84,White-backed Duck,Thalassornis leuconotus,,104,avibase-2EEDACD5,,
85,Secretary Bird,Sagittarius serpentarius,,105,avibase-DCBCCEB8,,
86,Palm-nut Vulture,Gypohierax angolensis,,112,avibase-14885C18,,
87,Lappet-faced Vulture,Torgos tracheliotus,,108,avibase-672EA454,,
88,White-headed Vulture,Trigonoceps occipitalis,,109,avibase-93D7EC56,,
89,Ruppell's Vulture,Gyps rueppellii,,1029,avibase-76B512B1,,
90,African White-backed Vulture,Gyps africanus,,107,avibase-0419DDC2,,
91,Egyptian Vulture,Neophron percnopterus,,111,avibase-6D3480A6,,
92,Hooded Vulture,Neophron monachus,,110,avibase-131038AD,,
93,Lammergeier,Gypaetus barbatus,,150,avibase-81DB7410,This species was re-introduces in Hell's Gate (62c),
94,Harrier-Hawk,Polyboroides typus,,171,avibase-C505EA72,,
95,Pallid Harrier,Circus macrourus,,168,avibase-22647E26,,
96,Montagu's Harrier,Circus pygargus,,170,avibase-63B6412E,,
97,Eurasian Marsh Harrier,Circus aeruginosus,,166,avibase-E2A19474,,
98,African Marsh Harrier,Circus ranivorus,,167,avibase-2A2C169B,This species is prone to misidentification and its maps might be affected by error.,
99,Bateleur,Terathopius ecaudatus,,151,avibase-6CBD8724,,
100,Short-toed Snake Eagle,Circaetus gallicus,,0,0,,
101,Brown Snake Eagle,Circaetus cinereus,,145,avibase-6904D83F,,
102,Banded Snake Eagle,Circaetus cinerascens,,148,avibase-4327F813,,
103,Southern Banded Snake Eagle,Circaetus fasciolatus,,147,avibase-9F2839A9,,
104,Great Sparrowhawk,Accipiter melanoleucus,,159,avibase-819AB823,,
105,Ovampo Sparrowhawk,Accipiter ovampensis,,157,avibase-BAE91683,,
106,Eurasian Sparrowhawk,Accipiter nisus,,1006,avibase-DB376A66,This species is prone to misidentification and its maps might be affected by error.,
107,Rufous Sparrowhawk,Accipiter rufiventris,,156,avibase-EC0E680F,,
108,African Goshawk,Accipiter tachiro,,160,avibase-35A1472C,,
109,Little Sparrowhawk,Accipiter minullus,,158,avibase-CE1CF6FD,,
110,Shikra,Accipiter badius,,161,avibase-1A0ECB6E,,
111,Levant Sparrowhawk,Accipiter brevipes,,2074,avibase-8492E4B7,This species is prone to misidentification and its maps might be affected by error.,
112,Dark Chanting Goshawk,Melierax metabates,,163,avibase-D2AFD39B,,
113,Pale Chanting Goshawk,Melierax poliopterus,,2136,avibase-FA3A1F20,,
114,Gabar Goshawk,Melierax gabar,,162,avibase-922DE9C1,,
115,Lizard Buzzard,Kaupifalco monogrammicus,,144,avibase-3EEB66ED,,
116,Mountain Buzzard,Buteo tachardus,,2112,avibase-5BFEFD9A,,
117,Common Buzzard,Buteo buteo,,154,avibase-3C0C325D,,
118,Long-legged Buzzard,Buteo rufinus,,979,avibase-CC65921F,This species is prone to misidentification and its maps might be affected by error.,
119,Augur Buzzard,Buteo augur,,153,avibase-EBDC03AA,,
120,Grasshopper Buzzard,Butastur rufipennis,,2100,avibase-45A1D850,,
121,Long-crested Eagle,Lophaetus occipitalis,,138,avibase-14B9664A,,
122,Crowned Eagle,Stephanoaetus coronatus,,143,avibase-1E3B3515,,
123,Martial Eagle,Polemaetus bellicosus,,142,avibase-FDA2E4A3,,
124,Booted Eagle,Hieraaetus pennatus,,139,avibase-4B8CC285,,
125,African Hawk Eagle,Hieraaetus spilogaster,,141,avibase-9A418C45,,
126,Ayres's Hawk Eagle,Hieraaetus dubius,,140,avibase-7DF00403,,
127,Lesser Spotted Eagle,Aquila pomarina,,136,avibase-C2565B65,This species is prone to misidentification and its maps might be affected by error.,
128,Greater Spotted Eagle,Aquila clanga,,1098,avibase-BAC4CA22,This species is prone to misidentification and its maps might be affected by error.,
129,Tawny Eagle,Aquila rapax,,134,avibase-F6D547B2,,
130,Steppe Eagle,Aquila nipalensis,,135,avibase-A635F565,,
131,Imperial Eagle,Aquila heliaca,,2096,avibase-469DCF57,This species is prone to misidentification and its maps might be affected by error.,
132,Verreaux's Eagle,Aquila verreauxii,,133,avibase-14F13C32,,
133,Wahlberg's Eagle,Aquila wahlbergi,,137,avibase-535F3C99,,
134,African Fish Eagle,Haliaeetus vocifer,,149,avibase-A19B0CF4,,
135,Black Kite,Milvus migrans,,128,avibase-06D9A2C8,,
136,Cuckoo Hawk,Aviceda cuculoides,,127,avibase-648936C0,,
137,Honey Buzzard,Pernis apivorus,,132,avibase-ED5A7E8F,,
138,Bat Hawk,Macheiramphus alcinus,,131,avibase-DAE4C523,,
139,Black-shouldered Kite,Elanus caeruleus,,130,avibase-97C47F3E,,
140,Swallow-tailed Kite,Chelictinia riocourii,,2114,avibase-22832FF4,,
141,Osprey,Pandion haliaetus,,172,avibase-1327AC55,,
142,Pygmy Falcon,Polihierax semitorquatus,,126,avibase-3B52D2B8,,
143,Peregrine Falcon,Falco peregrinus,,113,avibase-47E58408,Records in the old atlas of Peregrine Falcon and Barbary Falcon are lumped.,
144,Barbary Falcon,Falco pelegrinoides,143,2148,avibase-A113792C,,"Folded into SEQ 143 Peregrine Falcon. Taxonomic: AviList v2025b treats Falco pelegrinoides as a subspecies of F. peregrinus, so the two are not separable in either dataset. No 1970-1984 records in any case."
145,Taita Falcon,Falco fasciinucha,,887,avibase-9A4AA945,,
146,Lanner Falcon,Falco biarmicus,,114,avibase-3D3808E3,,
147,Saker Falcon,Falco cherrug,,2154,avibase-A9F51494,,
148,Red-necked Falcon,Falco chicquera,,117,avibase-6A64EFCB,,
149,Red-footed Falcon,Falco vespertinus,,120,avibase-997A9437,,
150,Eastern Red-footed Falcon,Falco amurensis,,119,avibase-E6137E65,,
151,African Hobby,Falco cuvieri,,116,avibase-F56A73BF,,
152,Hobby,Falco subbuteo,,115,avibase-E91E287A,,
153,Grey Kestrel,Falco ardosiaceus,,889,avibase-3F2BA4F7,,
154,Dickinson's Kestrel,Falco dickinsoni,,121,avibase-CA34C05A,,
155,Eleonora's Falcon,Falco eleonorae,,992,avibase-9EA1F12D,,
156,Sooty Falcon,Falco concolor,,888,avibase-BD34FDFD,,
157,Fox Kestrel,Falco alopex,,2152,avibase-D2CAA18B,,
158,Greater Kestrel,Falco rupicoloides,,122,avibase-2E4DAA13,This species is prone to misidentification and its maps might be affected by error.,
159,Common Kestrel,Falco tinnunculus,,2162,avibase-2DAB45B8,,
160,Lesser Kestrel,Falco naumanni,,125,avibase-BECA271F,,
161,Scaly Francolin,Francolinus squamatus,,1246,avibase-1B11690B,,
162,Jackson's Francolin,Francolinus jacksoni,,1234,avibase-A7E59764,,
163,Chestnut-naped Francolin,Francolinus castaneicollis,,1222,avibase-81474844,,
164,Yellow-necked Spurfowl,Francolinus leucoscepus,,1236,avibase-90AFDF9E,,
165,Red-necked Spurfowl,Francolinus afer,,188,avibase-5FA94F66,,
166,Hildebrandt's Francolin,Francolinus hildebrandti,,954,avibase-F5A73AAA,,"CJ: Yes, my impression has been that the species has spread."
167,Crested Francolin,Francolinus sephaena,,174,avibase-8004C7E5,,
168,Ring-necked Francolin,Francolinus streptophorus,,1256,avibase-5B115F6C,This map might contains errors,
169,Red-winged Francolin,Francolinus levaillantii,,178,avibase-B49935ED,,
170,Shelley's Francolin,Francolinus shelleyi,,177,avibase-A15F6836,,
171,Moorland Francolin,Francolinus psilolaemus,,0,avibase-3D25568A,,
172,Coqui Francolin,Francolinus coqui,,173,avibase-ECD7C1D8,,
173,Quail,Coturnix coturnix,,189,avibase-CAFE345D,This species is prone to misidentification and its maps might be affected by error.,
174,Harlequin Quail,Coturnix delegorguei,,190,avibase-0CA903BB,,CJ: VERY interesting that there is such a decline in this spp. It is surely not one that would be missed / wrongly ID'd? 
175,Blue Quail,Coturnix chinensis,,191,avibase-CAA45AC6,,CJ: The percentage increase / decrease for these rare species don't really make sense - they appear more dramatic than they probably are. Blue Quail has been very rare for a long time…
176,Stone Partridge,Ptilopachus petrosus,,1250,avibase-57B05159,,
177,Vulturine Guineafowl,Acryllium vulturinum,,1260,avibase-F7A3FA35,This map might contains errors,CJ: Why the comment about errors? It's surely an easily identified species?? 
178,Kenya Crested Guineafowl,Guttera pucherani,,0,avibase-9D29C252,,
179,Crested Guineafowl,Guttera edouardi,,0,avibase-9D29C252,,CJ: What's the story with 'edourdi' vs 'verreauxi'?? Should there be a comment on this? Worrying that it has vanished altogether from western Kenya
180,Helmeted Guineafowl,Numida meleagris,,192,avibase-1044B438,,
181,Button Quail,Turnix sylvatica,,196,avibase-0DA8BB90,,
182,Black-rumped Button Quail,Turnix hottentota,,4128,avibase-0874B4D5,"Species not recorded during both the old and new atlas, but recorded in Kenya.",
183,Quail Plover,Ortyxelos meiffreni,,1344,avibase-B605A049,,
184,Crowned Crane,Balearica regulorum,,214,avibase-D10CAC5D,,
185,White-spotted Pygmy Crake,Sarothrura pulchra,,1944,avibase-6EF64F69,,
186,Buff-spotted Pygmy Crake,Sarothrura elegans,,206,avibase-E75BA92C,,
187,Red-chested Pygmy Crake,Sarothrura rufa,,205,avibase-10B56544,,
188,Streaky-breasted Pygmy Crake,Sarothrura boehmi,,892,avibase-EBA9F2C4,,
189,Chestnut-tailed Pygmy Crake,Sarothrura affinis,,207,avibase-D4A066EA,,
190,African Water Rail,Rallus caerulescens,,197,avibase-5B443EDE,,
191,African Crake,Crex egregia,,199,avibase-09A0F2EB,,
192,Corncrake,Crex crex,,198,avibase-7E257242,,
193,Black Crake,Limnocorax flavirostra,,203,avibase-148F0B01,,
194,Spotted Crake,Porzana porzana,,201,avibase-460708F9,,
195,Lesser Spotted Crake,Porzana pusilla,,202,avibase-34D5B04D,,
196,Striped Crake,Aenigmatolimnas marginalis,,200,avibase-13967506,,
197,Red-knobbed Coot,Fulica cristata,,212,avibase-53235FDC,,
198,Purple Gallinule,Porphyrio porphyrio,,208,avibase-865C039E,,
199,Allen's Gallinule,Porphyrio alleni,,209,avibase-53288666,,
200,Lesser Moorhen,Gallinula angulata,,211,avibase-A927C1AE,,
201,Common Moorhen,Gallinula chloropus,,210,avibase-8F82FF8C,,
202,African Finfoot,Podica senegalensis,,213,avibase-46DECAEE,,
203,White-bellied Bustard,Eupodotis senegalensis,,222,avibase-3B287014,,
204,Hartlaub's Bustard,Eupodotis hartlaubi,,1906,avibase-402E7401,This species is prone to misidentification and its maps might be affected by error.,
205,Black-bellied Bustard,Eupodotis melanogaster,,227,avibase-562F4456,This species is prone to misidentification and its maps might be affected by error.,
206,Buff-crested Bustard,Eupodotis ruficrista,,1900,avibase-968D57F9,,
207,Denham's Bustard,Neotis denhami,,219,avibase-4FDBC0CB,,
208,Heuglin's Bustard,Neotis heuglinii,,1910,avibase-4971D1EF,,
209,Kori Bustard,Otis kori,,217,avibase-4FC41CA0,,
210,Arabian Bustard,Otis arabs,,1894,avibase-6A394479,,
211,Jacana,Actophilornis africanus,,228,avibase-D16D486D,,
212,Lesser Jacana,Microparra capensis,,229,avibase-29B03FAE,,
213,Painted Snipe,Rostratula benghalensis,,230,avibase-7516E687,,
214,Oystercatcher,Haematopus ostralegus,,894,avibase-ED663165,,
215,Long-toed Plover,Vanellus crassirostris,,248,avibase-F7D5320E,,
216,African Wattled Plover,Wattled Plover,,247,avibase-074251A3,,
217,Blacksmith Plover,Vanellus armatus,,245,avibase-2F23EDC6,,
218,Spur-winged Plover,Vanellus spinosus,,1031,avibase-F5E92B22,,CJ: This has definitely spread
219,Black-headed Plover,Vanellus tectus,,2020,avibase-D531B5D3,,CJ: decline' poss due to a lack of birding in the squares where the decline is noted?
220,Crowned Plover,Vanellus coronatus,,242,avibase-D0FA8EBE,,
221,Brown-chested Wattled Plover,Vanellus superciliosus,,2018,avibase-881C954D,,
222,Senegal Plover,Vanellus lugubris,,244,avibase-42D3918F,,
223,Black-winged Plover,Vanellus melanopterus,,243,avibase-83D95620,,
224,Lesser Golden Plover,Pluvialis dominica,,1039,avibase-07C11CF3,,
225,Grey Plover,Pluvialis squatarola,,241,avibase-27903EF7,,CJ: decline in central Kenya records may reflect an overall decline in populations farther south. Would be an interesting species to dig into a bit further… 
226,Little Ringed Plover,Charadrius dubius,,955,avibase-35EC3BBF,,CJ: YES! This is surely a definite decline for this species
227,Ringed Plover,Charadrius hiaticula,,233,avibase-EDA37B7C,,
228,Kentish Plover,Charadrius alexandrinus,,2002,avibase-AA4385A2,,
229,White-fronted Sandplover,Charadrius marginatus,,235,avibase-214B3533,,
230,Chestnut-banded Sandplover,Charadrius pallidus,,236,avibase-61F0E581,,CJ: this 'spread' is surely just vagrants - is there a way of putting a comment to this effect for this type of species? Would be worth double-checking the ID of these records as well…
231,Great Sandplover,Charadrius leschenaultii,,239,avibase-98B9C10B,,
232,Mongolian Sandplover,Charadrius mongolus,,234,avibase-66DA1FB3,,
233,Caspian Plover,Charadrius asiaticus,,240,avibase-264D0351,,"CJ: Probably a true indication of a decline - though the northern squares have probably not been covered v well, I'd suspect"
234,Kittlitz's Plover,Charadrius pecuarius,,237,avibase-0F0DCC2F,,
235,Three-banded Plover,Charadrius tricollaris,,238,avibase-8DAF86A1,,
236,Red Knot,Calidris canutus,,254,avibase-B5CE8FAD,,
237,Sanderling,Calidris alba,,255,avibase-06B9BD24,,
238,Red-necked Stint,Calidris ruficollis,,897,avibase-BBDF2F1B,This species is prone to misidentification and its maps might be affected by error.,
239,Little Stint,Calidris minuta,,253,avibase-9936FF4A,,
240,Temminck's Stint,Calidris temminckii,,985,avibase-5ACF7FB3,,
241,Long-toed Stint,Calidris subminuta,,972,avibase-7D629288,This species is prone to misidentification and its maps might be affected by error.,
242,Pectoral Sandpiper,Calidris melanotos,,895,avibase-ACC99F35,,
243,Curlew Sandpiper,Calidris ferruginea,,251,avibase-143A681C,,
244,Dunlin,Calidris alpina,,896,avibase-15369E8E,This species is prone to misidentification and its maps might be affected by error.,
245,Broad-billed Sandpiper,Limicola falcinellus,,981,avibase-0A14882F,,
246,Buff-breasted Sandpiper,Tryngites subruficollis,,926,avibase-3A3C62BC,,
247,Ruff,Philomachus pugnax,,256,avibase-2DABF98F,,
248,Jack Snipe,Lymnocryptes minimus,,1988,avibase-1A15F0C6,,"CJ: Sho!! What has happened to this species?! Probably overlooked, but all the same you'd expect at least SOME records if they were around…"
249,Common Snipe,Gallinago gallinago,,957,avibase-9151E0BA,This species is prone to misidentification and its maps might be affected by error.,
250,African Snipe,Gallinago nigripennis,,250,avibase-831FC147,This species is prone to misidentification and its maps might be affected by error.,
251,Great Snipe,Gallinago media,,249,avibase-BCCD5840,,CJ: As per Jack Snipe
252,Pintail Snipe,Gallinago stenura,,1984,avibase-EE61E2CA,,CJ: As per Jack Snipe
253,Asiatic Dowitcher,Limnodromus semipalmatus,0,#N/A,#N/A,,"Rejected by Zimmerman et al. 1996. See East African Rarities Committee (EARC) Special Report
Species included for East African countries in Britton (1980)
which have since been considered unacceptable. https://eararities.org/downloads/Fisher,%20Pearson%20&%20Hunter%202016.pdf"
254,Black-tailed Godwit,Limosa limosa,,265,avibase-454B5CD5,,
255,Bar-tailed Godwit,Limosa lapponica,,266,avibase-9A684C99,,
256,Whimbrel,Numenius phaeopus,,268,avibase-F9305BAA,,
257,Curlew,Numenius arquata,,267,avibase-3BB5CBA6,,
258,Spotted Redshank,Tringa erythropus,,260,avibase-0895DD84,,CJ: interesting that there is a 'decline' - I suspect this is a real one
259,Redshank,Tringa totanus,,261,avibase-D6BFC73A,,
260,Marsh Sandpiper,Tringa stagnatilis,,262,avibase-15CF9352,,
261,Greenshank,Tringa nebularia,,263,avibase-18B415D2,,
262,Green Sandpiper,Tringa ochropus,,259,avibase-A7B17EFC,,
263,Wood Sandpiper,Tringa glareola,,264,avibase-8E67DC5F,,
264,Terek Sandpiper,Xenus cinereus,,257,avibase-6D5992EE,,
265,Common Sandpiper,Actitis hypoleucos,,258,avibase-8548B07E,,
266,Turnstone,Arenaria interpres,,232,avibase-DC3050A9,,
267,Black-winged Stilt,Himantopus himantopus,,270,avibase-3CAEB7CE,,
268,Avocet,Recurvirostra avosetta,,269,avibase-C73ED2F5,,
269,Red-necked Phalarope,Phalaropus lobatus,,272,avibase-E6F3BA54,,
270,Grey Phalarope,Phalaropus fulicarius,,271,avibase-18A19380,,
271,Crab-plover,Dromas ardeola,,273,avibase-C3E33FEB,,CJ: decline surely due to lack of atlassing in the 'red' squares
272,Stone Curlew,Burhinus oedicnemus,,1998,avibase-C7DB323E,This species is prone to misidentification and its maps might be affected by error.,CJ: Almost certainly seriously overlooked
273,Senegal Thick-knee,Burhinus senegalensis,,2000,avibase-85DF723B,,
274,Water Thick-knee,Burhinus vermiculatus,,274,avibase-96CCAFEE,,
275,Spotted Thick-knee,Burhinus capensis,,275,avibase-862F6F04,,
276,Egyptian Plover,Pluvianus aegyptius,,2032,avibase-1B28A4B6,"Species not recorded during both the old and new atlas, but recorded in Kenya.",
277,Cream-coloured Courser,Cursorius cursor,,2026,avibase-6091E70B,,
278,Temminck's Courser,Cursorius temminckii,,277,avibase-7A841F83,,
279,Two-banded Courser,Rhinoptilus africanus,,278,avibase-C130193B,,
280,Heuglin's Courser,Rhinoptilus cinctus,,279,avibase-29D50ED5,,
281,Violet-tipped Courser,Rhinoptilus chalcopterus,,280,avibase-F5145338,,
282,Common Pratincole,Glareola pratincola,,281,avibase-D56ABB4E,,
283,Black-winged Pratincole,Glareola nordmanni,,282,avibase-E1F6A875,,
284,White-collared Pratincole,Glareola nuchalis,,283,avibase-95820ED1,,
285,Madagascar Pratincole,Glareola ocularis,,898,avibase-AC0F25BB,,
286,Brown Skua,Catharacta antarctica,0,#N/A,#N/A,,"Rejected by Zimmerman et al. 1996. See East African Rarities Committee (EARC) Special Report
Species included for East African countries in Britton (1980)
which have since been considered unacceptable. https://eararities.org/downloads/Fisher,%20Pearson%20&%20Hunter%202016.pdf"
287,Pomarine Skua,Stercorarius pomarinus,,285,avibase-7CB8F5B7,,
288,Arctic Skua,Stercorarius parasiticus,,284,avibase-39086887,,
289,Long-tailed Skua,Stercorarius longicaudus,,930,avibase-1D446440,,
290,Sooty Gull,Larus hemprichii,,2058,avibase-67D43542,,
291,White-eyed Gull,Larus leucophthalmus,,900,avibase-A7F240E3,"Species not recorded during both the old and new atlas, but recorded in Kenya. This species is prone to misidentification and its maps might be affected by error.",
292,Great Black-headed Gull,Larus ichthyaetus,,2062,avibase-EF930CDC,This species is prone to misidentification and its maps might be affected by error.,
293,Mediterranean Gull,Larus melanocephalus,0,#N/A,#N/A,,"Rejected by Zimmerman et al. 1996. See East African Rarities Committee (EARC) Special Report
Species included for East African countries in Britton (1980)
which have since been considered unacceptable. https://eararities.org/downloads/Fisher,%20Pearson%20&%20Hunter%202016.pdf"
294,Little Gull,Larus minutus,0,#N/A,#N/A,,"Rejected by Zimmerman et al. 1996. See East African Rarities Committee (EARC) Special Report
Species included for East African countries in Britton (1980)
which have since been considered unacceptable. https://eararities.org/downloads/Fisher,%20Pearson%20&%20Hunter%202016.pdf"
295,Black-headed Gull,Larus ridibundus,,933,avibase-FB02DD96,,"CJ: Yes, this has definitely declined. I don't think the difficulty of ID is the reason "
296,Grey-headed Gull,Larus cirrocephalus,,288,avibase-6EB497FA,,
297,Slender-billed Gull,Larus genei,,1078,avibase-27CE7132,,
298,Lesser Black-backed Gull,Larus fuscus,,4136,avibase-2D52E3A5,Records in the old atlas of Lesser Black-backed Gull and Herring Gull are lumped. This species is prone to misidentification and its maps might be affected by error.,
299,Herring Gull,Larus argentatus,298,#N/A,#N/A,,Folded into SEQ 298 Lesser Black-backed Gull. NOT taxonomic - Larus argentatus remains a valid species (European Herring Gull) in AviList v2025b. Old-atlas 'Herring Gull' records from Kenya are treated as large gulls not safely separable from L. fuscus. Identification decision; 10 squares (1970-1984).
300,Kelp Gull,Larus dominicanus,,287,avibase-E6536E4E,"Species not recorded during both the old and new atlas, but recorded in Kenya. This species is prone to misidentification and its maps might be affected by error.",
301,Gull-billed Tern,Gelochelidon nilotica,,902,avibase-87168739,,
302,Caspian Tern,Sterna caspia,,290,avibase-BC06BC0D,,
303,Crested Tern,Sterna bergii,,298,avibase-526978C4,,
304,Lesser Crested Tern,Sterna bengalensis,,297,avibase-D01CDECD,,
305,Sandwich Tern,Sterna sandvicensis,,296,avibase-F7504353,,
306,Roseate Tern,Sterna dougallii,,293,avibase-74236837,,CJ: How can this be 'lost' from the Watamu pentad? Will have to check if vetting needs to be done!
307,Common Tern,Sterna hirundo,,291,avibase-4D2FF6F1,,
308,White-cheeked Tern,Sterna repressa,,938,avibase-CF5C013D,This species is prone to misidentification and its maps might be affected by error.,"CJ: I can also only suspect that this sp was mis-identified in the early years. It is certainly not nearly as common as the literature suggests, I would say…"
309,Bridled Tern,Sterna anaethetus,,936,avibase-E6518B9D,This species is prone to misidentification and its maps might be affected by error.,"CJ: I can only suspect ths species was mis-identified in the early years - on Whale Is it was stated that Bridled breed alongside the Roseates - but since 1998 when I started there, there have never been any breeding Bridled and in fact I've only recorded Bridled about 4-5 times in 25 years"
310,Sooty Tern,Sterna fuscata,,295,avibase-3E7F825D,,
311,Little Tern,Sterna albifrons,,0,0,,
312,Whiskered Tern,Chlidonias hybridus,,305,avibase-7AB4E42B,This species is prone to misidentification and its maps might be affected by error.,CJ: This needs a note about the difficulty of ID separation from White-winged Black in non-breeding pl
313,Black Tern,Chlidonias niger,,903,avibase-115AF02D,,
314,White-winged Black Tern,Chlidonias leucopterus,,304,avibase-43CAAEE3,,
315,Lesser Noddy,Anous tenuirostris,,939,avibase-03F9EB15,,CJ: I suspect there are several unvetted records in the KBM which mean the distribution is not fully reflected… 
316,Common Noddy,Anous stolidus,,303,avibase-A070171E,,
317,African Skimmer,Rynchops flavirostris,,306,avibase-907B1140,,
318,Chestnut-bellied Sandgrouse,Pterocles exustus,,1960,avibase-F5DE9155,,
319,Black-faced Sandgrouse,Pterocles decoratus,,1958,avibase-70AFED2C,,
320,Lichtenstein's Sandgrouse,Pterocles lichtensteinii,,1962,avibase-F3715F7B,,
321,Four-banded Sandgrouse,Pterocles quadricinctus,,1968,avibase-461482EA,,
322,Yellow-throated Sandgrouse,Pterocles gutturalis,,309,8B6EA5FA0BB8387B,This map might contains errors,CJ: how sure are we about the northern records? Why is it now appearing up there…?
323,Feral Pigeon,Columba livia,,940,avibase-BBA263C2,,
324,Speckled Pigeon,Columba guinea,,311,avibase-A6EA9F02,,
325,Olive Pigeon,Columba arquatrix,,312,avibase-EEDB8253,,
326,Bronze-naped Pigeon,Columba delegorguei,,313,avibase-870E4DDA,,
327,White-winged Dove,Streptopelia reichenowi,,1876,avibase-65FE8029,"Species not recorded during both the old and new atlas, but recorded in Kenya. This species occurs only in an area with high insecurity during the new altas period, thus few or no visits",
328,Ring-necked Dove,Streptopelia capicola,,316,avibase-AB937AEB,,
329,Mourning Dove,Streptopelia decipiens,,315,avibase-70BD722B,,
330,Red-eyed Dove,Streptopelia semitorquata,,314,avibase-9888B3AE,,
331,Turtle Dove,Streptopelia turtur,,1005,avibase-5788552B,,CJ: These rare species maps don't make sense
332,Dusky Turtle Dove,Streptopelia lugens,,1874,avibase-8770C6A7,,
333,Laughing Dove,Streptopelia senegalensis,,317,avibase-B2D6AB06,,
334,Lemon Dove,Aplopelia larvata,,322,avibase-EE40DDB6,This species is prone to misidentification and its maps might be affected by error.,"CJ: This increase is probably more due to observer skill and effort, not a real increase… "
335,Tambourine Dove,Turtur tympanistria,,319,avibase-7308278F,This species is prone to misidentification and its maps might be affected by error.,CJ: It would be interesting to know how many of these 'expansion' records were by ear and not actually SEEN. Am not sure I would trust most people's audio records to differentiate this and Em-spotted
336,Blue-spotted Wood Dove,Turtur afer,,320,avibase-23D5FC36,,
337,Emerald-spotted Wood Dove,Turtur chalcospilos,,321,avibase-BDF442F2,,
338,Black-billed Wood Dove,Turtur abyssinicus,0,#N/A,#N/A,,"Rejected by Zimmerman et al. 1996. See East African Rarities Committee (EARC) Special Report
Species included for East African countries in Britton (1980)
which have since been considered unacceptable. https://eararities.org/downloads/Fisher,%20Pearson%20&%20Hunter%202016.pdf"
339,Namaqua Dove,Oena capensis,,318,avibase-DDC2CC92,,
340,Green Pigeon,Treron calva,,323,avibase-00146574,,
341,Bruce's Green Pigeon,Treron waalia,,1888,avibase-46C90944,,
342,Red-fronted Parrot,Poicephalus gulielmi,,1656,avibase-83D329B5,,
343,Orange-bellied Parrot,Poicephalus rufiventris,,1658,avibase-69661C7D,,
344,Brown Parrot,Poicephalus meyeri,,327,avibase-0ECD9D58,,
345,Brown-headed Parrot,Poicephalus cryptoxanthus,,328,avibase-4A039821,This map might contains errors,
346,Grey Parrot,Psittacus erithacus,,1664,avibase-A20878F0,,
347,Red-headed Lovebird,Agapornis pullaria,,1640,avibase-1E2EC99C,This map might contains errors,
348,Yellow-collared Lovebird,Agapornis personata,349,#N/A,#N/A,,Folded into SEQ 349 Fischer's Lovebird. NOT taxonomic - Agapornis personatus remains a valid species in AviList v2025b. Kenyan birds form a fischeri x personatus hybrid swarm and are mapped as one concept (eBird hybrid x00671). Identification decision; 9 squares (1970-1984).
349,Fischer's Lovebird,Agapornis fischeri,,10031,0,Records in the old atlas of both Yellow-collared Lovebird and Fischer's Lovebird are lumped.,
350,Rose-ringed Parrakeet,Psittacula krameri,,0,0,,
351,Great Blue Turaco,Corythaeola cristata,,1696,avibase-002445CB,,
352,Eastern Grey Plantain-eater,Crinifer zonurus,,1704,avibase-10B14696,,
353,Bare-faced Go-away-bird,Corythaixoides personata,,1700,avibase-215428B0,,CJ: expansion due to climate change? Drying habitats??
354,White-bellied Go-away-bird,Corythaixoides leucogaster,,1698,avibase-2AA4BC58,This map might contains errors,CJ: What's with the comment about errors for this easy-to-ID species??
355,Fischer's Turaco,Tauraco fischeri,,1716,avibase-D5846D2A,,
356,Livingstone's Turaco,Tauraco livingstonii,,338,avibase-22952180,,
357,Black-billed Turaco,Tauraco schuetti,,1730,avibase-C9A1C773,,
358,Hartlaub's Turaco,Tauraco hartlaubi,,1718,avibase-94214F1C,,CJ: Interesting that this regional endemic has spread - maybe it's more adaptable to living in semi-agricultural land??
359,White-crested Turaco,Tauraco leucolophus,,1720,avibase-FF2AF138,,CJ: This loss to the south is probably real - habitat change
360,Violet-crested Turaco,Tauraco porphyreolophus,,337,avibase-76E45A19,,
361,Ross's Turaco,Musophaga rossae,,942,avibase-2C7BA3A6,,
362,Great Spotted Cuckoo,Clamator glandarius,,346,avibase-3D67C56A,,"CJ: Yes, this decline is surely correct"
363,Black and white Cuckoo,Clamator jacobinus,,348,avibase-BF0A0954,,
364,Levaillant's Cuckoo,Clamator levaillantii,,347,avibase-3C8C3A31,,
365,Red-chested Cuckoo,Cuculus solitarius,,343,avibase-26A34DA5,,
366,Black Cuckoo,Cuculus clamosus,,344,avibase-EDB84334,This map might contains errors,CJ: I think there are records submitted as this which are in fact Black Cuckoo-Shrike. The northern coastal records I seriously doubt unless seen by someone who really knows their birds or photographed and confirmed.
367,African Cuckoo,Cuculus gularis,,341,avibase-66931B3F,This species is prone to misidentification and its maps might be affected by error.,
368,Eurasian Cuckoo,Cuculus canorus,,340,avibase-B3D2C3C5,This species is prone to misidentification and its maps might be affected by error.,
369,Lesser Cuckoo,Cuculus poliocephalus,,4130,avibase-FF41B79F,This species is prone to misidentification and its maps might be affected by error.,
370,Thick-billed Cuckoo,Pachycoccyx audeberti,,345,avibase-2AD52363,,
371,Barred Long-tailed Cuckoo,Cercococcyx montanus,,923,avibase-B8D42059,,
372,Emerald Cuckoo,Chrysococcyx cupreus,,350,avibase-1B309CB5,,
373,Klaas's Cuckoo,Chrysococcyx klaas,,351,avibase-1FACD210,,
374,Didric Cuckoo,Chrysococcyx caprius,,352,avibase-0482FA7E,,
375,Blue-headed Coucal,Centropus monachus,,1628,avibase-7C879D6D,This map might contains errors,
376,Senegal Coucal,Centropus senegalensis,,355,avibase-4A83155B,,
377,White-browed Coucal,Centropus superciliosus,,1036,avibase-BD2BC35C,,
378,Black Coucal,Centropus grillii,,353,avibase-DB09507D,,
379,Yellowbill,Ceuthmochares aereus,,0,0,,CJ: Intriguing re the 'expansion' into central Kenya - which race / species is this one? 
380,Cape Grass Owl,Tyto capensis,,360,avibase-B21A37E7,,
381,Barn Owl,Tyto alba,,359,avibase-FEE35F4C,,
382,Scops Owl,Otus scops,,0,0,,
383,Sokoke Scops Owl,Otus ireneae,,1780,avibase-75194A63,,
384,White-faced Scops Owl,Otus leucotis,,0,0,,
385,Cape Eagle Owl,Bubo capensis,,367,avibase-3CD0F535,,
386,Spotted Eagle Owl,Bubo africanus,,0,38E24616E2326A50,,
387,Verreaux's Eagle Owl,Bubo lacteus,,369,avibase-EBD3129B,,
388,Pel's Fishing Owl,Scotopelia peli,,370,avibase-034B2A6A,"This species occurs only in an area with high insecurity during the new altas period, thus few or no visits",
389,African Wood Owl,Ciccaba woodfordii,,362,avibase-2E6575A8,,
390,Barred Owlet,Glaucidium capense,,366,avibase-77FEB897,,
391,Pearl-spotted Owlet,Glaucidium perlatum,,365,avibase-70CB00EC,,
392,Red-chested Owlet,Glaucidium tephronotum,,1764,avibase-E05A96F3,,
393,Long-eared Owl,Asio otus,,1738,avibase-250123FB,,
394,African Marsh Owl,Asio capensis,,361,avibase-83E21A84,,
395,Short-eared Owl,Asio flammeus,,1740,avibase-8F123A11,,
396,Star-spotted Nightjar,Caprimulqus stellatus,,1836,avibase-CE884D49,,
397,Fiery-necked Nightjar,Caprimulqus pectoralis,,0,avibase-7E3578A2,,CJ: Lack of atlassing in these squares where there is a 'decline'? Esp atlassing that would search for nocturnal spp
398,Montane Nightjar,Caprimulqus poliocephalus,,357,avibase-FB96690D,,
399,Nubian Nightjar,Caprimulqus nubicus,,1830,avibase-626D56E4,,
400,Dusky Nightjar,Caprimulqus fraenatus,,1824,avibase-E93A0F33,,
401,Eurasian Nightjar,Caprimulgus europaeus,,371,avibase-80D4B0FE,,CJ: I suspect the increase shown is due to greater interest and knowledge of nightjars than a 'real' increase
402,Plain Nightjar,Caprimulqus inornatus,,1826,avibase-7C3959D6,,
403,Freckled Nightjar,Caprimulqus tristigma,,374,avibase-E3C780D6,This species is prone to misidentification and its maps might be affected by error.,CJ: This is a crazy increase for this species! Is it seriously 'real'?? 
404,Donaldson-Smith's Nightjar,Caprimulqus donaldsoni,,1818,avibase-D1D9B619,This species is prone to misidentification and its maps might be affected by error.,CJ: For all the nightjars… it might be worth adding a comment about the difficulty in ID'ing them? 
405,White-tailed Nightjar,Caprimulqus natalensis,,375,avibase-52E6406E,,
406,Slender-tailed Nightjar,Caprimulqus clarus,,1814,avibase-54494BCE,,
407,Long-tailed Nightjar,Caprimulqus climacurus,,1816,avibase-A20EA34D,,
408,Gabon Nightjar,Caprimulqus fossii,,376,avibase-4FD242D0,There is likely an error of identification or taxnomy with the old atlas data,
409,Standard-winged Nightjar,Macrodipteryx longipennis,,1838,avibase-D36F4D98,,
410,Pennant-winged Nightjar,Macrodipteryx vexillarius,,377,avibase-A526534E,,
411,Sabine's Spinetail,Rhaphidura sabini,,1686,avibase-1E12D857,,
412,Mottle-throated Spinetail,Telacanthura ussheri,,388,avibase-8ACC245F,,CJ: Interesting supposed decline in this distribution - I guess it could be…
413,Böhm's Spinetail,Neafrapus boehmi,,389,avibase-0D52DFC7,,
414,Scarce Swift,Schoutedenapus myoptilus,,904,avibase-8439A6E7,This species is prone to misidentification and its maps might be affected by error.,CJ: I think a note about the difficult of ID'ing this and other 'black swifts' is worth including…
415,African Palm Swift,Cypsiurus parvus,,387,avibase-DA106373,,CJ: This sp is def associated with human habitation as so many people like to plant palms and thus create habitat for them…
416,Mottled Swift,Apus aequatorialis,,382,avibase-91429F78,,
417,Alpine Swift,Apus melba,,386,avibase-FA1CAD29,,
418,Eurasian Swift,Apus apus,,378,avibase-4E6EF3F9,This species is prone to misidentification and its maps might be affected by error.,
419,Black Swift,Apus barbatus,,380,avibase-DEE4829A,This species is prone to misidentification and its maps might be affected by error.,CJ: YES! I cannot believe that the species has spread quite so much. This is def an 
420,Forbes-Watson's Swift,Apus berliozi,,1674,avibase-45D3FD5A,This species is prone to misidentification and its maps might be affected by error.,
421,Nyanza Swift,Apus niansae,,1676,avibase-2103011F,,
422,White-rumped Swift,Apus caffer,,383,avibase-FA9F6019,,
423,Horus Swift,Apus horus,,384,avibase-FF79A533,,
424,Little Swift,Apus affinis,,385,avibase-D209A90C,,
425,Speckled Mousebird,Colius striatus,,390,avibase-1FDDABDB,,
426,White-headed Mousebird,Colius leucocephalus,,1588,avibase-ADDB3611,,
427,Blue-naped Mousebird,Urocolius macrourus,,1590,avibase-E45D9EB2,,
428,Narina's Trogon,Apaloderma narina,,393,avibase-7FED5700,,
429,Bar-tailed Trogon,Apaloderma vittatum,,944,avibase-2F2CB724,,
430,Giant Kingfisher,Ceryle maxima,,395,avibase-F51C1C4A,,
431,Pied Kingfisher,Ceryle rudis,,394,avibase-8205077F,,
432,Half-collared Kingfisher,Alcedo semitorquata,,396,avibase-F9F5CAB0,,
433,Shining-blue Kingfisher,Alcedo quadribrachys,,959,avibase-A376DE65,,
434,Malachite Kingfisher,Alcedo cristata,,397,avibase-7149F93D,,
435,Pygmy Kingfisher,Ispidina picta,,398,avibase-C0998BB9,,
436,Chestnut-bellied Kingfisher,Halcyon leucocephala,,401,avibase-178B6892,,
437,Brown-hooded Kingfisher,Halcyon albiventris,,402,avibase-C5D3CB2A,This species is prone to misidentification and its maps might be affected by error.,
438,Striped Kingfisher,Halcyon chelicuti,,403,avibase-AB51824B,,
439,Woodland Kingfisher,Halcyon senegalensis,,399,avibase-47E71671,,
440,Mangrove Kingfisher,Halcyon senegaloides,,400,avibase-1F360691,,
441,White-fronted Bee-eater,Merops bullockoides,,409,avibase-38507A80,,
442,Little Bee-eater,Merops pusillus,,410,avibase-C0A68CA0,,
443,Blue-breasted Bee-eater,Merops variegatus,,1584,avibase-A90C512F,,
444,Cinnamon-chested Bee-eater,Merops oreobates,,1578,avibase-B85B93BB,This map might contains errors,
445,Swallow-tailed Bee-eater,Merops hirundineus,,411,avibase-910E6D86,"Species not recorded during both the old and new atlas, but recorded in Kenya.",
446,Madagascar Bee-eater,Merops superciliosus,,406,avibase-AC89B8FF,,
447,Blue-cheeked Bee-eater,Merops persicus,,405,avibase-6EE45113,,
448,Eurasian Bee-eater,Merops apiaster,,404,avibase-66AA3934,,
449,Blue-headed Bee-eater,Merops muelleri,,1574,avibase-72CAA64D,,
450,White-throated Bee-eater,Merops albicollis,,1034,avibase-03C4A0C9,,
451,Somali Bee-eater,Merops revoilii,,1582,avibase-AFA39D5A,,
452,Carmine Bee-eater,Merops nubicus,,1576,avibase-2125426A,,
453,Abyssinian Roller,Coracias abyssinica,,1530,avibase-E7C7EE3A,,
454,Eurasian Roller,Coracias garrulus,,412,avibase-7451A628,,
455,Lilac-breasted Roller,Coracias caudata,,413,avibase-9E9B6EF9,,
456,Rufous-crowned Roller,Coracias naevia,,415,avibase-2624054E,,
457,Broad-billed Roller,Eurystomus glaucurus,,416,avibase-4F01F416,,
458,Hoopoe,Upupa epops,,1512,avibase-FA2F9125,,
459,Green Wood Hoopoe,Phoeniculus purpureus,,0,0,,
460,Violet Wood Hoopoe,Phoeniculus granti,,420,avibase-76FAC9A5,This species is prone to misidentification and its maps might be affected by error.,CJ: this pattern is surely a factor of a change in the ability to ID these? OR are they being wrongly identified today?? 
461,White-headed Wood Hoopoe,Phoeniculus bollei,,1516,avibase-D1FFB474,,
462,Scimitarbill,Phoeniculus cyanomelas,,421,avibase-B0DD1318,,
463,Abyssinian Scimitarbill,Phoeniculus minor,,1526,avibase-46847C50,,
464,Black-and-white-casqued Hornbill,Bycanistes subcylindricus,,1484,avibase-02428AC1,,
465,Silvery-cheeked Hornbill,Bycanistes brevis,,423,avibase-5350D0E8,,
466,Trumpeter Hornbill,Bycanistes bucinator,,422,avibase-3A4D2B44,,
467,Ground Hornbill,Bucorvus cafer,,430,avibase-4192DE77,,
468,Abyssinian Ground Hornbill,Bucorvus abyssinicus,,1510,avibase-948ED65C,,
469,Yellow-billed Hornbill,Tockus flavirostris,,1494,avibase-3BCD9CB0,There is likely an error of identification or taxnomy with the old atlas data,
470,Von Der Decken's Hornbill,Tockus deckeni,,1490,avibase-DE36D3BD,,
471,Jackson's Hornbill,Tockus jacksoni,,1500,avibase-427D7FD6,,
472,Red-billed Hornbill,Tockus erythrorhynchus,,4129,avibase-AF75AC32,,
473,Hemprich's Hornbill,Tockus hemprichii,,1498,avibase-6D72B23C,,
474,Crowned Hornbill,Tockus alboterminatus,,427,avibase-1FDA0172,,
475,Grey Hornbill,Tockus nasutus,,424,avibase-0CCD664D,,
476,Pale-billed Hornbill,Tockus pallidirostris,0,#N/A,#N/A,,"Rejected by Zimmerman et al. 1996. See East African Rarities Committee (EARC) Special Report
Species included for East African countries in Britton (1980)
which have since been considered unacceptable. https://eararities.org/downloads/Fisher,%20Pearson%20&%20Hunter%202016.pdf"
477,Double-toothed Barbet,Lybius bidentatus,,1422,avibase-439FE608,,
478,Brown-breasted Barbet,Lybius melanopterus,,1050,avibase-724266B4,,
479,White-headed Barbet,Lybius leucocephalus,,960,avibase-BCA0F974,,
480,Black-collared Barbet,Lybius torquatus,,431,avibase-8C50CB2D,,
481,Black-billed Barbet,Lybius guifsobalito,,1428,avibase-0D419595,,
482,Red-fronted Barbet,Tricholaema diadematus,,1462,avibase-3E3AFB25,,
483,Black-throated Barbet,Tricholaema melanocephala,,1472,avibase-F03BE6C3,,
484,Spotted-flanked Barbet,Tricholaema lacrymosus,,1470,avibase-F1CCA0AA,,
485,Hairy-breasted Barbet,Tricholaema hirsutus,,1468,avibase-915DABE2,,
486,White-eared Barbet,Stactolaema leucotis,,433,avibase-6C81D39B,,
487,Yellow-spotted Barbet,Buccanodon duchaillui,,1414,56790B5768F4529F,,
488,Green Barbet,Stactolaema olivaceum,,435,avibase-4568986F,,
489,Grey-throated Barbet,Gymnobucco bonapartei,,1416,avibase-95054CA5,,
490,Speckled Tinkerbird,Pogoniulus scolopaceus,,1446,avibase-EEA161A8,,
491,Green Tinkerbird,Pogoniulus simplex,,905,avibase-5238FF10,This map might contains errors,
492,Moustached Green Tinkerbird,Pogoniulus leucomystax,,1442,avibase-7BEB0003,,
493,Red-fronted Tinkerbird,Pogoniulus pusillus,,436,avibase-A4CF3B9E,,
494,Yellow-fronted Tinkerbird,Pogoniulus chrysoconus,,437,avibase-2F467821,This map might contains errors,
495,Yellow-rumped Tinkerbird,Pogoniulus bilineatus,,438,0,,
496,Yellow-billed Barbet,Trachylaemus purpuratus,,1458,avibase-75DF194C,,
497,d'Arnaud's Barbet,Trachyphonus darnaudii,,1452,avibase-1953C1D6,Records in the old atlas of d'Arnaud's and Usambiro Barbet are lumped,
498,Usambiro Barbet,Trachyphonus usambiro,497,#N/A,#N/A,,Folded into SEQ 497 d'Arnaud's Barbet. Taxonomic: AviList v2025b treats Trachyphonus usambiro as a subspecies of T. darnaudii (eBird issf darbar3). 9 squares (1970-1984).
499,Red-and-yellow Barbet,Trachyphonus erythrocephalus,,1454,avibase-570C1121,,
500,Black-throated Honeguide,Indicator indicator,,440,avibase-862749B0,,
501,Lesser Honeyguide,Indicator minor,,0,avibase-50F3668C,Records in the old atlas of Lesser and Thick-billed Honeyguide are lumped.,
502,Thick-billed Honeyguide,Indicator conirostris,501,1350,avibase-0AC6CF82,,Folded into SEQ 501 Lesser Honeyguide. Taxonomic: AviList v2025b treats Indicator conirostris as conspecific with I. minor. 4 squares (1970-1984).
503,Scaly-throated Honeyguide,Indicator variegatus,,441,avibase-7EF4C99C,,
504,Least Honeyguide,Indicator exilis,,1132,avibase-BFF3AA65,This species is prone to misidentification and its maps might be affected by error.,
505,Pallid Honeyguide,Indicator meliphilus,,906,avibase-5B74A911,Records in the old atlas of Pallid and Kilimanjaro Honeyguide are lumped. This species is prone to misidentification and its maps might be affected by error.,
506,Kilimanjaro Honeyguide,Indicator narokensis,505,#N/A,#N/A,,Folded into SEQ 505 Pallid Honeyguide. Taxonomic: AviList v2025b treats Indicator narokensis as conspecific with I. meliphilus; no eBird taxon exists for it. 3 squares (1970-1984).
507,Cassin's Honeybird,Prodotiscus insignis,,1364,avibase-7884F0D6,This species is prone to misidentification and its maps might be affected by error.,
508,Eastern Honeybird,Prodotiscus zambesiae,,444,avibase-B20CDCE3,,
509,Wahlberg's Honeybird,Prodotiscus regulus,,443,avibase-8DB3F1A2,,
510,Red-throated Wryneck,Jynx ruficollis,,453,avibase-93EC5E12,,
511,Eurasian Wryneck,Jynx torquilla,,1402,avibase-B2E6AB9F,,
512,Nubian Woodpecker,Campethera nubica,,1372,avibase-70170649,,
513,Golden-tailed Woodpecker,Campethera abingoni,,0,0,,
514,Little Spotted Woodpecker,Campethera cailliautii,,449,avibase-BD7C4F70,,
515,Fine-banded Woodpecker,Campethera tullbergi,,1376,avibase-D0A5FADB,,
516,Buff-spotted Woodpecker,Campethera nivosa,,1188,avibase-02E56D98,,
517,Brown-eared Woodpecker,Campethera caroli,,1368,avibase-01C9752D,,
518,Uganda Spotted Woodpecker,Denropicos poecilolaemus,,1394,avibase-739A97EE,,
519,Cardinal Woodpecker,Denropicos fuscescens,,450,avibase-0A241B83,,
520,Bearded Woodpecker,Thripias namaquus,,451,avibase-77D82F60,,
521,Yellow-crested Woodpecker,Mesopicos xantholophus,,1400,avibase-2700C97D,,
522,Grey Woodpecker,Mesopicos goertae,,1392,avibase-E5DF48FC,,
523,Brown-backed Woodpecker,Picoides obsoletus,,1410,avibase-9FF4EDB5,,
524,African Broadbill,Smithornis capensis,,454,avibase-9EE216F9,,
525,African Pitta,Pitta angolensis,,455,avibase-373286B2,,
526,Fawn-coloured Lark,Mirafra africanoides,,459,avibase-A990EB0B,,
527,Singing Bush Lark,Mirafra cantillans,,3534,avibase-6B089785,This species is prone to misidentification and its maps might be affected by error.,
528,Northern White-tailed Bush Lark,Mirafra albicauda,,3528,avibase-8E612CF6,,
529,Flappet Lark,Mirafra rufocinnamomea,,468,avibase-C49FA9A8,,
530,Collared Lark,Mirafra collaris,,3536,avibase-D0EAD8A3,This map might contains errors,
531,Rufous-naped Lark,Mirafra africana,,458,avibase-6A0D6123,,
532,Red-winged Bush Lark,Mirafra hypermetra,,3546,avibase-BAA83B0C,,
533,Pink-breasted Lark,Mirafra poecilosterna,,3520,avibase-99F447AD,,
534,Gillett's Lark,Mirafra gilletti,,3542,avibase-A3E077E6,"Species not recorded during both the old and new atlas, but recorded in Kenya.",
535,Williams' Bush Lark,Mirafra williamsi,,3558,avibase-4E61514C,,
536,Friedmann's Bush Lark,Mirafra pulpa,,3552,avibase-F22CCF78,,
537,Spike-heeled Lark,Chersomanes albofasciata,0,#N/A,#N/A,,"Turner, D.A. On the claimed occurrence of the Spike-heeled Lark Chersomanes albofasciata in Kenya. Scopus 9: 142, December 1985"
538,Masked Lark,Calandrella personata,,3568,avibase-419AEB97,,
539,Short-toed Lark,Calandrella brachydactyla,,3486,avibase-4091A51E,"Species not recorded during both the old and new atlas, but recorded in Kenya.",
540,Red-capped Lark,Calandrella cinerea,,488,avibase-FCDA4F09,,
541,Rufous Short-toed Lark,Calandrella somalica,,3484,avibase-61CECCA7,,
542,Short-tailed Lark,Galerida fremantlii,,3562,avibase-1AF3034A,,
543,Crested Lark,Galerida cristata,,3506,avibase-21ADC3ED,This map might contains errors,
544,Short-crested Lark,Galerida malabarica,,3510,avibase-5351025C,,
545,Fischer's Sparrow-Lark,Eremopteryx leucopareia,,3500,avibase-97D7865F,,
546,Chestnut-headed Sparrow-Lark,Eremopteryx signata,,3504,avibase-2F66131B,This species is prone to misidentification and its maps might be affected by error.,
547,Chestnut-backed Sparrow-Lark,Eremopteryx leucotis,,484,avibase-9164F314,,
548,Banded Martin,Riparia cincta,,510,avibase-1AED683B,,
549,African Sand Martin,Riparia paludicola,,509,avibase-D2854489,,
550,Sand Martin,Riparia riparia,,508,avibase-94A1C447,,
551,Blue Swallow,Hirundo atrocaerulea,,497,avibase-CB7FB32A,,
552,Wire-tailed Swallow,Hirundo smithii,,496,avibase-B79D6B3D,,
553,Eurasian Swallow,Hirundo rustica,,493,avibase-58C502EA,,
554,Ethiopian Swallow,Hirundo aethiopica,,2886,avibase-42E93B64,This map might contains errors,
555,Angola Swallow,Hirundo angolensis,,494,avibase-B418B155,,
556,Red-rumped Swallow,Hirundo daurica,,962,avibase-F72A871F,,
557,Mosque Swallow,Hirundo senegalensis,,500,avibase-9185D29D,,
558,Rufous-chested Swallow,Hirundo semirufa,,501,avibase-958F4A5E,,
559,Striped Swallow,Hirundo abyssinica,,503,avibase-5ACC908D,,
560,African Rock Martin,Hirundo fuligula,,506,avibase-47DA0258,,
561,Grey-rumped Swallow,Hirundo griseopyga,,499,avibase-97E7A30B,,
562,Mascarene Martin,Phedina borbonica,,908,avibase-6C7BEEC6,,
563,House Martin,Delichon urbica,,507,avibase-30FEC6BE,,
564,Black Rough-wing,Psalidoprocne prisoptera,,511,avibase-4AC57370,,
565,White-headed Rough-wing,Psalidoprocne albiceps,,964,avibase-88AAE3D3,,
566,Drongo,Dicrurus adsimilis,,0,0,,
567,Square-tailed Drongo,Dicrurus ludwigii,,0,0,,
568,Black-headed Oriole,Oriolus larvatus,,521,avibase-BE62734A,,
569,Western Black-headed Oriole,Oriolus brachyrhynchus,,2460,avibase-418C7CCB,,
570,Montane Oriole,Oriolus percivali,,2466,avibase-95A2F6E7,This species is prone to misidentification and its maps might be affected by error.,
571,Green-headed Oriole,Oriolus chlorocephalus,,909,avibase-4321596C,,
572,African Golden Oriole,Oriolus auratus,,520,avibase-D4866EAE,,
573,Eurasian Golden Oriole,Oriolus oriolus,,519,avibase-92A772BB,,
574,Piapiac,Ptilostomus afer,,2484,avibase-4C35510F,,
575,Indian House Crow,Corvus splendens,,989,avibase-39868903,,
576,Brown-necked Raven,Corvus ruficolis,,2362,avibase-9DBAAB1D,,
577,Pied Crow,Corvus albus,,522,avibase-34D538E1,,
578,White-naped Raven,Corvus albicollis,,524,avibase-EA326EA2,,
579,Fan-tailed Raven,Corvus rhipidurus,,2368,avibase-32C216E2,,
580,Cape Rook,Corvus capensis,,523,avibase-562E17AB,,
581,Grey Tit,Parus afer,,2876,avibase-610FFD8E,,
582,Black Tit,Parus leucomelas,,2856,avibase-5C70AA7D,,
583,White-bellied Tit,Parus albiventris,,2860,avibase-C8880D28,,
584,Red-throated Tit,Parus fringillinus,,2868,avibase-92FDBAF0,,
585,Dusky Tit,Parus funereus,,2870,avibase-5C54F8C9,,
586,African Penduline Tit,Remiz caroli,,530,avibase-F44BD4BE,,
587,Mouse-coloured Penduline Tit,Remiz musculus,,2850,avibase-6F967270,,
588,Spotted Creeper,Salpornis spilonotus,,532,avibase-A51A5F84,,
589,Brown Illadopsis,Trichastoma fulvescens,,1181,avibase-3805ACAD,,
590,Pale-breasted Illadopsis,Trichastoma rufipennis,,3296,avibase-64078193,,
591,Mountain Illadopsis,Trichastoma pyrrhopterum,,3292,avibase-596BDE51,,
592,Scaly-breasted Illadopsis,Trichastoma albipectus,,1193,avibase-2D157C82,,
593,Grey-chested Illadopsis,Kakamega poliothorax,,1133,avibase-FC1BE879,,
594,African Hill Babbler,Alcippe abyssinica,,467,avibase-7C3026CC,,
595,Rufous Chatterer,Turdoides rubiginosus,,3456,avibase-861DA135,There is likely an error of identification or taxnomy with the old atlas data,
596,Scaly Chatterer,Turdoides aylmeri,,3440,avibase-987C8F6E,,
597,Black-lored Babbler,Turdoides melanops,,3458,avibase-7350FE4C,,
598,Northern Pied Babbler,Turdoides hypoleucus,,3446,avibase-B0F2FB67,,
599,Scaly Babbler,Turdoides squamulatus,,3462,avibase-0E9C6F45,,
600,Hinde's Pied Babbler,Turdoides hindei,,3444,avibase-224B2B08,,
601,Arrow-marked Babbler,Turdoides jardineii,,533,avibase-E6576A8D,,
602,Brown Babbler,Turdoides plebejus,,3452,avibase-6EBDD2D5,,
603,Red-shouldered Cuckoo Shrike,Campephaga phoenicea,,2342,avibase-439F76D1,,
604,Black Cuckoo Shrike,Campephaga flava,,513,avibase-F9031A09,,
605,Petit's Cuckoo Shrike,Campephaga petiti,,2340,avibase-95A02709,,
606,Purple-throated Cuckoo Shrike,Campephaga quisqualina,,2344,avibase-37D0D696,,
607,Grey Cuckoo Shrike,Coracina caesia,,516,avibase-C7B05F46,,
608,White-breasted Cuckoo Shrike,Coracina pectoralis,,515,avibase-6E682612,,
609,Common Bulbul,Pycnonotus barbatus,,3036,avibase-6ABDB635,,
610,Little Greenbul,Andropadus virens,,565,avibase-3413C42C,,
611,Little Grey Greenbul,Andropadus gracilis,,2950,avibase-486103D7,,
612,Ansorge's Greenbul,Andropadus ansorgei,,2944,avibase-0EA5F2E1,,
613,Slender-billed Greenbul,Andropadus gracilirostris,,2948,avibase-5D82C13B,,
614,Cameroon Sombre Greenbul,Andropadus curvirostris,,2946,avibase-0B325B7F,,
615,Mountain Greenbul,Andropadus tephrolaemus,,2942,avibase-54A902B5,,
616,Stripe-cheeked Greenbul,Andropadus milanjensis,,549,avibase-4996833A,,
617,Shelley's Greenbul,Andropadus masukuensis,,555,avibase-6FC57210,,
618,Yellow-whiskered Greenbul,Andropadus latirostris,,1111,728B225E752DB2FD,,
619,Zanzibar Sombre Greenbul,Andropadus importunus,,551,avibase-79A45DAF,,
620,Yellow-throated Leaflove,Chlorocichla flavicollis,,1194,C73137EA19CC2ADC,,
621,Yellow-bellied Greenbul,Chlorocichla flaviventris,,550,avibase-D083BB3F,,
622,Joyful Greenbul,Chlorocichla laetissima,,2972,avibase-4602AC01,,
623,Bristlebill,Bleda syndactyla,,1191,avibase-5A94FEAE,,
624,Honeyguide Greenbul,Baeopogon indicator,,1113,avibase-E6A0D208,,
625,Fischer's Greenbul,Phyllastrephus fischeri,,2998,avibase-2DA2C52F,,
626,Olive Mountain Greenbul,Phyllastrephus placidus,,1086,avibase-24F71192,,
627,Brownbul,Phyllastrephus terrestris,,546,avibase-07FD1D4C,,
628,Northern Brownbul,Phyllastrephus strepitans,,3024,avibase-29820AD9,,
629,Grey-olive Greenbul,Phyllastrephus cerviniventris,,965,avibase-7CE29E0E,,
630,Yellow-streaked Greenbul,Phyllastrephus flavostriatus,,547,651384DFF48E4F6B,"Species not recorded during both the old and new atlas, but recorded in Kenya.",
631,Toro Olive Greenbul,Phyllastrephus baumanni,,3012,avibase-2E3D5AAF,,
632,Tiny Greenbul,Phyllastrephus debilis,,548,avibase-FA137697,,
633,Nicator,Nicator chloris,,725,avibase-7066D2F1,,
634,Stonechat,Saxicola torquata,,576,avibase-CF2E9674,,
635,Whinchat,Saxicola rubetra,,577,avibase-A0EDAEA2,,
636,Capped Wheatear,Oenanthe pileata,,568,avibase-E6BD3258,,
637,Red-breasted Wheatear,Oenanthe bottae,,2664,avibase-6ADB636C,,
638,Isabelline Wheatear,Oenanthe isabellina,,1010,avibase-E6C6F746,,
639,Northern Wheatear,Oenanthe oenanthe,,563,avibase-DF526047,,
640,Pied Wheatear,Oenanthe pleschanka,,1023,avibase-2FB34D83,,
641,Black-eared Wheatear,Oenanthe hispanica,,2674,avibase-DF26171F,,
642,Desert Wheatear,Oenanthe deserti,,2670,avibase-078BC0ED,,
643,Mourning Wheatear,Oenanthe lugens,,2682,avibase-5396F9FB,,
644,Sprosser,Luscinia luscinia,,592,avibase-6EC66752,,
645,Nightingale,Luscinia megarhynchos,,2596,avibase-7C7F0DEE,,
646,Irania,Irania gutturalis,,2592,avibase-73BD4B29,,
647,Redstart,Phoenicurus phoenicurus,,1004,avibase-06DD9D95,,
648,Red-tailed Chat,Cercomela familiaris,,570,avibase-CD8DEBE3,,
649,Brown-tailed Rock Chat,Cercomela scotocerca,,2550,avibase-DA3F40DB,,
650,Alpine Chat,Cercomela sordida,,2552,avibase-8EB0AB41,,
651,Rock Thrush,Monticola saxatilis,,2618,avibase-736D38E7,,
652,Little Rock Thrush,Monticola rufocinerea,,2616,avibase-566669CC,,
653,Anteater Chat,Myrmecocichla aethiops,,2650,avibase-E09F7223,,
654,Sooty Chat,Myrmecocichla nigra,,966,avibase-B55BADC1,,
655,Cliff Chat,Thamnolaea cinnamomeiventris,,573,avibase-F8B6EC31,,
656,White-browed Scrub Robin,Cercotrichas leucophrys,,588,avibase-B5B6EC7B,,
657,Brown-backed Scrub Robin,Cercotrichas hartlaubi,,2556,avibase-15B2DD49,This species is prone to misidentification and its maps might be affected by error.,
658,Rufous Bush Chat,Cercotrichas galactotes,,567,avibase-B68BD0D2,,
659,Eastern Bearded Scrub Robin,Cercotrichas quadrivirgata,,585,avibase-92908926,,
660,Morning Thrush,Cichladusa arquata,,593,avibase-A0A3B03D,This map might contains errors,
661,Spotted Morning Thrush,Cichladusa guttata,,2560,avibase-345658E9,This map might contains errors,
662,White-starred Forest Robin,Pogonocichla stellata,,589,avibase-230A0342,,
663,Brown-chested Alethe,Alethe poliocephala,,1109,avibase-8B7A6FE9,,
664,Forest Robin,Stiphrornis erythrothorax,0,#N/A,#N/A,,Rejected
665,Snowy-headed Robin Chat,Cossypha niveicapilla,,2574,avibase-BB05D1FC,,
666,White-browed Robin Chat,Cossypha heuglini,,580,avibase-16BD42DD,,
667,Rüppell's Robin Chat,Cossypha semirufa,,2576,avibase-53EABB81,This species is prone to misidentification and its maps might be affected by error.,
668,Blue-shouldered Robin Chat,Cossypha cyanocampter,,2570,avibase-9616C96E,,
669,Red-capped Robin Chat,Cossypha natalensis,,579,avibase-3846F8A8,,
670,Robin Chat,Cossypha caffra,,581,avibase-A38BABE1,,
671,Grey-winged Ground Robin,Cossypha polioptera,,1085,avibase-25C26AB9,,
672,Equatorial Akalat,Sheppardia aequatorialis,,2710,avibase-C25F57BD,,
673,East Coast Akalat,Sheppardia gunningi,,591,avibase-3E4783BA,,
674,Red-tailed Ant Thrush,Neocossyphus rufus,,2662,avibase-90FDC4CC,,
675,White-tailed Ant Thrush,Neocossyphus poensis,,2660,avibase-0BD37CDF,,
676,African Thrush,Turdus pelios,,1168,avibase-40A2405D,,
677,Bare-eyed Thrush,Turdus tephronotus,,2750,avibase-A0DC8E87,,
678,Northern Olive Thrush,Turdus abyssinicus,,0,0,,
679,Orange Ground Thrush,Zoothera gurneyi,,556,avibase-45C55FDE,,
680,Abyssinian Ground Thrush,Zoothera piaggiae,,2768,avibase-C54DCA26,,
681,Spotted Ground Thrush,Turdus fischeri,,558,avibase-60A39CF9,,
682,Little Rush Warbler,Bradypterus baboecala,,0,0,,
683,White-winged Warbler,Bradypterus carpalis,,1064,avibase-8CA1A851,,
684,Cinnamon Bracken Warbler,Bradypterus cinnamomeus,,1107,avibase-523913AE,,
685,Evergreen Forest Warbler,Bradypterus lopezi,,1106,avibase-8160D091,,
686,Fan-tailed Warbler,Schoenicola platyura,,616,avibase-2470FC01,,
687,Grasshopper Warbler,Locustella naevia,,3306,avibase-BC0E4C9F,,
688,River Warbler,Locustella fluviatilis,,598,avibase-2B020CA0,,
689,Savi's Warbler,Locustella luscinioides,,3304,avibase-2D46BB98,,
690,Sedge Warbler,Acrocephalus schoenobaenus,,608,avibase-FED5AED5,,
691,African Reed Warbler,Acrocephalus baeticatus,692,606,avibase-34E27C2A,This species is prone to misidentification and its maps might be affected by error.,Folded into SEQ 692 Reed Warbler. Taxonomic: AviList v2025b treats Acrocephalus baeticatus as conspecific with A. scirpaceus (Common Reed Warbler). 14 squares (1970-1984).
692,Reed Warbler,Acrocephalus scirpaceus,,911,avibase-3F0EE474,This species is prone to misidentification and its maps might be affected by error.,
693,Marsh Warbler,Acrocephalus palustris,,607,avibase-B675E006,This species is prone to misidentification and its maps might be affected by error.,
694,Great Reed Warbler,Acrocephalus arundinaceus,,603,avibase-B283E332,,
695,Basra Reed Warbler,Acrocephalus griseldis,,949,avibase-0D42A253,This species is prone to misidentification and its maps might be affected by error.,
696,Lesser Swamp Warbler,Acrocephalus gracilirostris,,604,avibase-4AA7817D,,
697,Greater Swamp Warbler,Acrocephalus rufescens,,912,avibase-C8857CC8,,
698,Olivaceous Warbler,Hippolais pallida,,3278,avibase-BAE527A2,,
699,Upcher's Warbler,Hippolais languida,,3276,avibase-B10AD127,This species is prone to misidentification and its maps might be affected by error.,
700,Olive-tree Warbler,Hippolais olivetorum,,597,avibase-791DED18,This species is prone to misidentification and its maps might be affected by error.,
701,Icterine Warbler,Hippolais icterina,,596,avibase-869C978C,This species is prone to misidentification and its maps might be affected by error.,
702,Yellow Warbler,Chloropeta natalensis,,666,avibase-EBBD09CA,,
703,Mountain Yellow Warbler,Chloropeta similis,,471,avibase-E999FD2D,,
704,Papyrus Yellow Warbler,Chloropeta gracilirostris,,1067,avibase-25F4FE96,,
705,Barred Warbler,Sylvia nisoria,,605,avibase-1EA60B94,,
706,Whitethroat,Sylvia communis,,594,avibase-14AFBA82,,
707,Garden Warbler,Sylvia borin,,595,avibase-A6A4FC63,,
708,Blackcap,Sylvia atricapilla,,969,avibase-61F9065B,,
709,Moustached Warbler,Sphenoeacus mentalis,,617,avibase-1478AA79,,
710,Yellow-throated Woodland Warbler,Phylloscopus ruficapilla,,671,F6B77E644D2F03F2,,
711,Uganda Woodland Warbler,Phylloscopus budongoensis,,3370,avibase-132E0773,,
712,Brown Woodland Warbler,Phylloscopus umbrovirens,,3382,avibase-E22B8495,,
713,Wood Warbler,Phylloscopus sibilatrix,,947,avibase-572C4C7F,This species is prone to misidentification and its maps might be affected by error.,
714,Chiffchaff,Phylloscopus collybita,,1054,avibase-F9F4B04D,This species is prone to misidentification and its maps might be affected by error.,
715,Willow Warbler,Phylloscopus trochilus,,599,avibase-88F4B969,,
716,Pectoral-patch Cisticola,Cisticola brunnescens,,3114,avibase-006667E7,,
717,Wing-snapping Cisticola,Cisticola ayresii,,634,avibase-78573BB2,,
718,Black-backed Cisticola,Cisticola eximia,,3130,avibase-53E61277,,
719,Zitting Cisticola,Cisticola juncidis,,629,AEE2063F66AE0C70,,
720,Desert Cisticola,Cisticola aridulus,,630,avibase-A2C88219,,
721,Croaking Cisticola,Cisticola natalensis,,647,avibase-FB740D14,,
722,Stout Cisticola,Cisticola robustus,,3152,avibase-D3B1A98B,,
723,Aberdare Cisticola,Cisticola aberdare,,3108,avibase-3C79F1AC,,
724,Wailing Cisticola,Cisticola lais,,639,avibase-9AEEFA09,,
725,Ashy Cisticola,Cisticola cinereola,,3124,avibase-71F6A3F0,,
726,Tana River Cisticola,Cisticola restricta,,3150,avibase-2E0E6C82,"Species not recorded during both the old and new atlas, but recorded in Kenya.",
727,Rattling Cisticola,Cisticola chiniana,,642,avibase-909FEE8A,,
728,Boran Cisticola,Cisticola bodessa,,3112,avibase-F8469E3F,,
729,Tiny Cisticola,Cisticola nana,,3146,avibase-BF29E8B6,This map might contains errors,
730,Siffling Cisticola,Cisticola brachyptera,,636,avibase-FBDCA962,,
731,Foxy Cisticola,Cisticola troglodytes,,3164,avibase-844A290B,,
732,Tabora Cisticola,Cisticola fulvicapilla,,3102,avibase-9CE4FC4C,,
733,Rock-loving Cisticola,Cisticola aberrans,,3098,avibase-2C8B24B6,,
734,Whistling Cisticola,Cisticola lateralis,,3136,avibase-5A184029,,
735,Trilling Cisticola,Cisticola woosnami,,3166,avibase-5BD1E605,,
736,Red-faced Cisticola,Cisticola erythrops,,644,avibase-47053A35,,
737,Singing Cisticola,Cisticola cantans,,643,avibase-6B64558B,,
738,Hunter's Cisticola,Cisticola hunteri,,632,avibase-373DCDF4,,
739,Chubb's Cisticola,Cisticola chubbi,,3122,avibase-4849AA43,,
740,Winding Cisticola,Cisticola galactotes,,0,0,,
741,Carruthers' Cisticola,Cisticola carruthersi,,3118,avibase-2C6D5362,,
742,Tinkling Cisticola,Cisticola tinniens,,646,avibase-F936B680,,
743,Tawny-flanked Prinia,Prinia subflava,,649,avibase-63F72CA7,,
744,Pale Prinia,Prinia somalica,,3188,avibase-319F6754,This map might contains errors,
745,White-chinned Prinia,Prinia leucopogon,,3180,avibase-95B6C7C5,,
746,Banded Prinia,Prinia bairdii,,1155,avibase-C54D2FEE,,
747,Red-fronted Warbler,Spiloptila rufifrons,,3192,avibase-D8177CEC,,
748,Red-winged Warbler,Heliolais erythroptera,,620,avibase-C67FD539,,
749,Buff-bellied Warbler,Phyllolais pulchella,,3176,avibase-DFC5A27D,,
750,Yellow-breasted Apalis,Apalis flavida,,625,avibase-E70F9747,,
751,Black-throated Apalis,Apalis jacksoni,,3074,avibase-1ABAB622,,
752,White-winged Apalis,Apalis chariessa,,3068,avibase-184BA213,"Species not recorded during both the old and new atlas, but recorded in Kenya.",
753,Bar-throated Apalis,Apalis thoracica,,0,0,This map might contains errors,
754,Grey Apalis,Apalis cinerea,,3070,avibase-7A8A8FCF,,
755,Buff-throated Apalis,Apalis rufogularis,,1099,avibase-75E0430B,,
756,Chestnut-throated Apalis,Apalis porphyrolaema,,3082,avibase-E8F03B18,,
757,Black-headed Apalis,Apalis melanocephala,,623,avibase-4FE76868,This map might contains errors,
758,Black-collared Apalis,Apalis pulchra,,3084,avibase-91FD087B,,
759,Black-faced Rufous Warbler,Bathmocercus cerviniventris,,1114,avibase-438D0DFF,,
760,Grey-backed Camaroptera,Camaroptera brachyura,,627,avibase-DC456636,,
761,Grey Wren Warbler,Camaroptera simplex,,0,0,,
762,Olive-green Camaroptera,Camaroptera chloronota,,1189,avibase-65393B92,,
763,Grey-capped Warbler,Eminia lepida,,3170,avibase-31E5F1E9,,
764,Yellow-bellied Eremomela,Eremomela icteropygialis,,600,avibase-9E034D83,,
765,Yellow-vented Eremomela,Eremomela flavicrissalis,,3268,D46EE5F8DD9FA9B3,,
766,Green-capped Eremomela,Eremomela scotops,,602,avibase-0394BA0B,,
767,Green-backed Eremomela,Eremomela pusilla,,3262,avibase-75932535,,
768,Turner's Eremomela,Eremomela turneri,,3272,avibase-7D340BF9,,
769,White-browed Crombec,Sylvietta leucophrys,,3432,avibase-489FFCA9,,
770,Green Crombec,Sylvietta virens,,3436,avibase-83E5801B,,
771,Red-faced Crombec,Sylvietta whytii,,913,avibase-A9030503,,
772,Northern Crombec,Sylvietta brachyura,,3426,avibase-7542C6F1,,
773,Somali Long-billed Crombec,Sylvietta isabellina,,3430,avibase-6B9529AE,,
774,Brown Parisoma,Parisoma lugens,,3358,avibase-16FEF081,,
775,Banded Parisoma,Parisoma boehmi,,3356,avibase-982C918E,,
776,Kretschmer's Longbill,Macrosphenus kretschmeri,,3314,avibase-D8BFA987,"Species not recorded during both the old and new atlas, but recorded in Kenya.",
777,Green Hylia,Hylia prasina,,3282,avibase-98BA31AA,,
778,Southern Hyliota,Hyliota australis,,668,avibase-F840409E,,
779,Yellow-bellied Hyliota,Hyliota flavigaster,,670,avibase-0F82D614,,
780,Spotted Flycatcher,Muscicapa striata,,654,avibase-EE8206E7,,
781,Gambaga Flycatcher,Muscicapa gambagae,,2634,avibase-7387E828,This species is prone to misidentification and its maps might be affected by error.,
782,Dusky Flycatcher,Muscicapa adusta,,655,avibase-6E95C4A9,,
783,Chapin's Flycatcher,Muscicapa lendu,,2638,avibase-84E4178E,,
784,Swamp Flycatcher,Muscicapa aquatica,,1063,avibase-77F0C62C,,
785,Ashy Flycatcher,Muscicapa caerulescens,,656,avibase-3B3A6911,,
786,Collared Flycatcher,Ficedula albicollis,,0,0,Old atlas consider Semi-collared as subspecies of Collared. This species is prone to misidentification and its maps might be affected by error.,Including Semi-collared (considered subspecies at the time)
787,Lead-coloured Flycatcher,Myioparus plumbeus,,657,avibase-5EA2B90C,,
788,Southern Black Flycatcher,Melaenornis pammelaina,,664,avibase-8A9A7AAA,This species is prone to misidentification and its maps might be affected by error.,
789,Black Flycatcher,Melaenornis edolioides,,2608,avibase-F188F8C8,This species is prone to misidentification and its maps might be affected by error.,
790,White-eyed Slaty Flycatcher,Melaenornis fischeri,,2600,avibase-3809131C,,
791,Silverbird,Empidornis semipartitus,,2578,avibase-AB38EDFD,,
792,Pale Flycatcher,Bradornis pallidus,,662,avibase-FA03A965,,
793,Grey Flycatcher,Bradornis microrhynchus,,2544,avibase-E281D783,,
794,Black and White Flycatcher,Bias musicus,,667,avibase-F1A4B955,,
795,African Shrike-Flycatcher,Megabyas flammulatus,,2456,avibase-18A968DB,,
796,Forest Batis,Batis mixta,,683,avibase-D91540DE,,
797,East Coast Batis,Batis soror,,675,avibase-5A58B69A,,
798,Black-headed Batis,Batis minor,,0,0,,
799,Chin-spot Batis,Batis molitor,,673,avibase-C5C38D98,,
800,Pygmy Batis,Batis perkeo,,2326,avibase-5C9DDB02,,
801,Grey-headed Batis,Batis orientalis,,2324,avibase-A6DFFC15,There is likely an error of identification or taxnomy with the old atlas data,
802,Wattle-eye,Platysteira cyanea,,1148,avibase-E15225F1,This map might contains errors,
803,Black-throated Wattle-eye,Platysteira peltata,,677,avibase-16935B44,,
804,Yellow-bellied Wattle-eye,Platysteira concreta,,1125,avibase-3B66D504,,
805,Jameson's Wattle-eye,Platysteira blissetti,,2404,avibase-7DC78D7A,,
806,Chestnut Wattle-eye,Dyaphorophyia castanea,,2398,avibase-8D562259,,
807,Little Yellow Flycatcher,Erythrocercus holochlorus,,2408,avibase-847AE7B8,,
808,Blue Flycatcher,Erannornis longicauda,,1127,avibase-56209052,,
809,White-tailed Crested Flycatcher,Trochocercus albonotatus,,681,avibase-18ED7458,,
810,Dusky Crested Flycatcher,Trochocercus nigromitratus,,1128,avibase-B01090EF,,
811,Crested Flycatcher,Trochocercus cyanomelas,,680,avibase-15F017B7,,
812,African Paradise Flycatcher,Terpsiphone viridis,,682,avibase-75AAC17B,,
813,Red-bellied Paradise Flycatcher,Terpsiphone rufiventer,,1165,avibase-0EDEEB49,,
814,Richard's Pipit,Anthus novaeseelandiae,,692,avibase-0D7CC717,,
815,Tawny Pipit,Anthus campestris,,3696,avibase-250CDA58,,
816,Red-throated Pipit,Anthus cervinus,,1028,avibase-319D044A,,
817,Tree Pipit,Anthus trivialis,,698,avibase-365F5E97,,
818,Plain-backed Pipit,Anthus leucophrys,,694,avibase-ECC3F122,,
819,Long-billed Pipit,Anthus similis,,10876,avibase-ECFF22D2,,
820,Striped Pipit,Anthus lineiventris,,696,avibase-C69E0E28,,
821,Little Tawny Pipit,Anthus caffer,,699,avibase-4C7B3D81,,
822,Sokoke Pipit,Anthus sokokensis,,3712,avibase-19489268,,
823,Malindi Pipit,Anthus melindae,,3698,avibase-D8A51184,,
824,Golden Pipit,Tmetothylacus tenellus,,702,avibase-B9104F62,,
825,Yellow-throated Longclaw,Macronyx croceus,,704,0D9BFED179B45DB3,,
826,Pangani Longclaw,Macronyx aurantiigula,,3786,avibase-F774B577,,
827,Rosy-breasted Longclaw,Macronyx ameliae,,705,avibase-70129CB1,,
828,Sharpe's Longclaw,Macronyx sharpei,,3688,avibase-FED54E53,,
829,Cape Wagtail,Motacilla capensis,,686,avibase-4F2CC293,,
830,Yellow Wagtail,Motacilla flava,,689,avibase-5983D677,,
831,African Pied Wagtail,Motacilla aguimp,,685,avibase-CE7D41A6,,
832,White Wagtail,Motacilla alba,,3816,avibase-400E032C,,
833,Mountain Wagtail,Motacilla clara,,688,avibase-747B3A52,,
834,Grey Wagtail,Motacilla cinerea,,690,avibase-AE073221,,
835,Brubru,Nilaus afer,,731,avibase-967545BC,,
836,Black-backed Puffback,Dryoscopus cubla,,712,avibase-00855728,This species is prone to misidentification and its maps might be affected by error.,
837,Northern Puffback,Dryoscopus gambensis,,2386,avibase-7DE7F0ED,This species is prone to misidentification and its maps might be affected by error.,
838,Pringle's Puffback,Dryoscopus pringlii,,2388,avibase-706FEEB4,,
839,Pink-footed Puffback,Dryoscopus angolensis,,2384,avibase-201E1243,,
840,Brown-headed Tchagra,Tchagra australis,,714,avibase-4F9D43DE,,
841,Three-streaked Tchagra,Tchagra jamesi,,2496,avibase-FA7A6D02,,
842,Black-headed Tchagra,Tchagra senegala,,715,avibase-022798AB,,
843,Marsh Tchagra,Tchagra minuta,,14000,avibase-7DCA1C1E,,
844,Rosy-patched Shrike,Rhodophoneus cruentus,,2490,avibase-8B8AC14A,This map might contains errors,
845,Black-headed Gonolek,Laniarius barbarus,,2428,avibase-5E822C9C,,
846,Papyrus Gonolek,Laniarius mufumbiri,,2438,avibase-1E5D636D,,
847,Lühder's Bush Shrike,Laniarius luehderi,,2436,avibase-5AF20251,,
848,Red-naped Bush Shrike,Laniarius ruficeps,,2440,avibase-C59DFD44,,
849,Tropical Boubou,Laniarius ferrugineus,,0,0,,
850,Slate-coloured Boubou,Laniarius funebris,,2430,avibase-0868B50D,,
851,Grey-green Bush Shrike,Malaconotus bocagei,,2498,avibase-EF5EDE6D,,
852,Sulphur-breasted Bush-Shrike,Malaconotus sulfureopectus,,719,avibase-F3DCCA8F,,
853,Many-coloured Bush Shrike,Malaconotus multicolor,,720,avibase-5CE2F0DC,,
854,Grey-headed Bush Shrike,Malaconotus blanchoti,,723,avibase-641068BB,,
855,Four-coloured Bush Shrike,Malaconotus quadricolor,,721,avibase-ACDC8DEE,,
856,Doherty's Bush Shrike,Malaconotus dohertyi,,2500,avibase-0BC36521,This map might contains errors,
857,Red-backed Shrike,Lanius collurio,,708,avibase-F2CEFD1A,,
858,Red-tailed Shrike,Lanius isabellinus,,0,0,,
859,Nubian Shrike,Lanius nubicus,,2296,avibase-E90CC64A,,
860,Woodchat Shrike,Lanius senator,,976,avibase-7E70D490,,
861,Grey-backed Fiscal,Lanius excubitoroides,,2284,avibase-02B6A30C,This map might contains errors,
862,Long-tailed Fiscal,Lanius cabanisi,,2278,avibase-836EDA33,This species is prone to misidentification and its maps might be affected by error.,
863,Lesser Grey Shrike,Lanius minor,,706,avibase-8852337B,,
864,Common Fiscal,Lanius collaris,,7887,avibase-5792867A,,
865,Taita Fiscal,Lanius dorsalis,,2280,avibase-64772F0F,,
866,Somali Fiscal,Lanius somalicus,,2298,avibase-F7932185,,
867,Mackinnon's Shrike,Lanius mackinnoni,,2290,avibase-72387112,,
868,Yellow-billed Shrike,Corvinella corvina,,2274,avibase-E44FAD6F,,
869,Magpie Shrike,Corvinella melanoleucus,,724,avibase-56A7F384,,
870,Helmet Shrike,Prionops plumata,,727,avibase-3996ECD0,,
871,Grey-crested Helmet Shrike,Prionops poliolophus,,2478,avibase-1F2F7323,,
872,Retz's Helmet Shrike,Prionops retzii,,728,avibase-5B9EA71C,,
873,Chestnut-fronted Helmet Shrike,Prionops scopifrons,,729,avibase-E27EEDC5,,
874,White-crowned Shrike,Eurocephalus rueppelli,,2276,avibase-866D07A0,,
875,Stuhlmann's Starling,Poeoptera stuhlmanni,,2828,avibase-AEC1B69C,,
876,Kenrick's Starling,Poeoptera kenricki,,2824,avibase-295B9665,This species is prone to misidentification and its maps might be affected by error.,
877,Black-breasted Glossy Starling,Lamprotornis corruscus,,740,avibase-40781028,,
878,Bronze-tailed Glossy Starling,Lamprotornis chalcurus,,2786,avibase-AEEED5D0,,
879,Blue-eared Glossy Starling,Lamprotornis chalybaeus,,738,avibase-7DDB347E,,
880,Lesser Blue-eared Glossy Starling,Lamprotornis chloropterus,,7863,avibase-0AA15ACA,,
881,Rüppell's Long-tailed Glossy Starling,Lamprotornis purpuropterus,,2794,avibase-3BB2565D,,
882,Splendid Glossy Starling,Lamprotornis splendidus,,2798,avibase-18B10CF9,,
883,Purple Glossy Starling,Lamprotornis purpureus,,2792,avibase-6A0BA87A,,
884,Bristle-crowned Starling,Onychognathus salvadorii,,2814,avibase-E8DEABBD,,
885,Red-winged Starling,Onychognathus morio,,745,avibase-508D5CA2,,
886,Slender-billed Chestnut-winged Starling,Onychognathus tenuirostris,,2816,avibase-F2C7AA06,,
887,Waller's Chestnut-winged Starling,Onychognathus walleri,,2818,avibase-E11D6D66,,
888,Shelley's Starling,Spreo shelleyi,,2796,avibase-B24A13C7,This species is prone to misidentification and its maps might be affected by error.,
889,Hildebrandt's Starling,Spreo hildebrandti,,2788,avibase-621F6E07,,
890,Superb Starling,Spreo superbus,,2800,avibase-405CCAAE,,
891,Fischer's Starling,Spreo fischeri,,2836,avibase-4FF4CAF8,,
892,White-crowned Starling,Spreo albicapillus,,2834,avibase-A77D4A77,,
893,Golden-breasted Starling,Cosmopsarus regius,,2778,avibase-EE674721,,
894,Ashy Starling,Cosmopsarus unicolor,0,#N/A,#N/A,,"Rejected by Zimmerman et al. 1996. See East African Rarities Committee (EARC) Special Report
Species included for East African countries in Britton (1980)
which have since been considered unacceptable. https://eararities.org/downloads/Fisher,%20Pearson%20&%20Hunter%202016.pdf"
895,Magpie Starling,Speculipastor bicolor,,2832,avibase-D3390C6C,,
896,Violet-backed Starling,Cinnyricinclus leucogaster,,736,avibase-B1A3AF6C,,
897,Sharpe's Starling,Cinnyricinclus sharpii,,2822,avibase-D6F2837E,,
898,Abbott's Starling,Cinnyricinclus femoralis,,2820,avibase-1350773F,,
899,Wattled Starling,Creatophora cinerea,,735,avibase-9D95139B,,
900,Yellow-billed Oxpecker,Buphagus africanus,,747,avibase-5D970425,,
901,Red-billed Oxpecker,Buphagus erythrorhynchus,,748,avibase-7471E71D,,
902,Collared Sunbird,Anthreptes collaris,,771,avibase-1611F295,,
903,Pygmy Sunbird,Anthreptes platurus,,3576,avibase-B0E7740F,,
904,Green Sunbird,Anthreptes rectirostris,,3592,avibase-71EF2ACB,,
905,Plain-backed Sunbird,Anthreptes reichenowi,,769,avibase-67F06823,,
906,Eastern Violet-backed Sunbird,Anthreptes orientalis,,3588,avibase-2D0C83B2,This map might contains errors,
907,Violet-backed Sunbird,Anthreptes longuemarei,,770,avibase-857DCDD5,Not recorded in the old atlas. There is likely an error of identification or taxnomy with the old atlas data,Are there really no records from the old atlas?
908,Uluguru Violet-backed Sunbird,Anthreptes neglectus,,3586,avibase-56C6CBA8,,
909,Amani Sunbird,Anthreptes pallidigaster,,3574,avibase-0B4F3AA2,,
910,Variable Sunbird,Nectarinia venusta,,762,avibase-8E9E45B5,,
911,Orange-tufted Sunbird,Nectarinia bouvieri,,3626,avibase-693FC6FD,,
912,Shining Sunbird,Nectarinia habessinica,,3640,avibase-C6D0CB7E,,
913,Little Purple-banded Sunbird,Nectarinia bifasciata,,0,0,,
914,Violet-breasted Sunbird,Nectarinia pembae,,3628,avibase-9CDA630C,,
915,Superb Sunbird,Nectarinia superba,,3672,avibase-7C8BC7CF,This map might contains errors,
916,Mariqua Sunbird,Nectarinia mariquensis,,755,avibase-5AC9F737,,
917,Red-chested Sunbird,Nectarinia erythrocerca,,3638,avibase-4C428439,This map might contains errors,
918,Smaller Black-bellied Sunbird,Nectarinia nectarinioides,,3684,avibase-7C822074,,
919,Olive-bellied Sunbird,Nectarinia chloropygia,,1117,avibase-D2B15B3F,,
920,Beautiful Sunbird,Nectarinia pulchella,,3686,avibase-00D5E1C6,,
921,Northern Double-collared Sunbird,Nectarinia preussi,,3660,avibase-A6083057,,
922,Eastern Double-collared Sunbird,Nectarinia mediocris,,0,0,,
923,Copper Sunbird,Nectarinia cuprea,,754,avibase-1F21FFE9,,
924,Tacazze Sunbird,Nectarinia tacazze,,3674,avibase-FAFA576B,,
925,Bronze Sunbird,Nectarinia kilimensis,,752,avibase-D4F9B273,,
926,Golden-winged Sunbird,Nectarinia reichenowi,,1118,avibase-D33D2F6D,,
927,Malachite Sunbird,Nectarinia famosa,,751,avibase-26F27894,,
928,Scarlet-tufted Malachite Sunbird,Nectarinia johnstoni,,3646,avibase-D91BCC1B,,
929,Olive Sunbird,Nectarinia olivacea,,766,avibase-EE79A5EF,,
930,Scarlet-chested Sunbird,Nectarinia senegalensis,,774,avibase-0059A2E0,,
931,Hunter's Sunbird,Nectarinia hunteri,,3610,avibase-8F052626,This map might contains errors,
932,Amethyst Sunbird,Nectarinia amethystina,,772,avibase-B022292C,,
933,Green-throated Sunbird,Nectarinia rubescens,,1116,avibase-2E2DE0B6,,
934,Green-headed Sunbird,Nectarinia verticalis,,1068,avibase-6DE16262,,
935,Blue-throated Brown Sunbird,Nectarinia cyanolaema,0,#N/A,#N/A,,"Rejected by Zimmerman et al. 1996. See East African Rarities Committee (EARC) Special Report
Species included for East African countries in Britton (1980)
which have since been considered unacceptable. https://eararities.org/downloads/Fisher,%20Pearson%20&%20Hunter%202016.pdf"
936,Mouse-coloured Sunbird,Nectarinia veroxii,,765,avibase-C1CBA33A,,
937,Yellow White-eye,Zosterops senegalensis,,10874,avibase-EAC8528E,This species is prone to misidentification and its maps might be affected by error.,
938,Montane White-eye,Zosterops poliogastra,,0,0,This species is prone to misidentification and its maps might be affected by error.,
939,Abyssinian White-eye,Zosterops abyssinicus,,10878,avibase-F80D69C2,This species is prone to misidentification and its maps might be affected by error.,
940,Black-headed Weaver,Ploceus cucullatus,,797,avibase-E8AA9E1C,,
941,Vieillot's Black Weaver,Ploceus nigerrimus,,1152,avibase-20D915AD,,
942,Speke's Weaver,Ploceus spekei,,3934,avibase-4DC2B23C,,
943,Orange Weaver,Ploceus aurantius,,3888,avibase-2C42345F,,
944,Taveta Golden Weaver,Ploceus castaneiceps,,3902,avibase-2379E3EB,,
945,Golden Palm Weaver,Ploceus bojeri,,3898,avibase-F40197D6,,
946,Golden Weaver,Ploceus subaureus,,800,avibase-86BEAFA6,,
947,Holub's Golden Weaver,Ploceus xanthops,,801,avibase-2D86B0D2,,
948,Northern Brown-throated Weaver,Ploceus castanops,,3904,avibase-F9FB0226,,
949,Yellow-backed Weaver,Ploceus melanocephalus,,3922,avibase-19D053B3,This map might contains errors,
950,Golden-backed Weaver,Ploceus jacksoni,,3916,avibase-DF0759C0,,
951,Northern Masked Weaver,Ploceus taeniopterus,,3940,avibase-6A84BDB8,,
952,Jubaland Weaver,Ploceus dichrocephalus,,3906,avibase-2E4A97D9,"Species not recorded during both the old and new atlas, but recorded in Kenya.",
953,Masked Weaver,Ploceus intermedius,,792,avibase-E069A0BB,,
954,Vitelline Masked Weaver,Ploceus velatus,,1153,avibase-FC6C191F,,
955,Heuglin's Masked Weaver,Ploceus heuglini,,3914,avibase-D8E67602,,
956,Chestnut Weaver,Ploceus rubiginosus,,796,avibase-01BFAE61,,
957,Little Weaver,Ploceus luteolus,,3918,avibase-1373D324,,
958,Slender-billed Weaver,Ploceus pelzelni,,1065,avibase-36C24C3D,,
959,Clarke's Weaver,Ploceus golandi,,3912,avibase-2A2CC7B3,,
960,Baglafecht Weaver,Ploceus baglafect,,476,avibase-BE1FE156,,
961,Compact Weaver,Ploceus superciliosus,,3830,avibase-0405CA69,,
962,Spectacled Weaver,Ploceus ocularis,,791,avibase-CA4839B2,,
963,Black-necked Weaver,Ploceus nigricollis,,1187,avibase-55997100,,
964,Black-billed Weaver,Ploceus melanogaster,,1151,avibase-B38CE692,,
965,Brown-capped Weaver,Ploceus insignis,,1150,avibase-C649EA57,This map might contains errors,
966,Yellow-mantled Weaver,Ploceus tricolor,,3944,avibase-BE85C81E,,
967,Dark-backed Weaver,Ploceus bicolor,,790,avibase-70312286,,
968,Red-headed Malimbe,Malimbus rubricollis,,3810,avibase-960B56F2,,
969,Red-headed Weaver,Anaplectes rubriceps,,793,avibase-4D19099B,,
970,Grosbeak Weaver,Amblyospiza albifrons,,804,avibase-C7708C70,,
971,Southern Red Bishop,Euplectes orix,,808,avibase-95F08BC3,,
972,Northern Red Bishop,Euplectes franciscanus,,3748,avibase-3D122849,,
973,Zanzibar Red Bishop,Euplectes nigroventris,,3754,A31AC10191D0EF2B,,
974,Black-winged Red Bishop,Euplectes hordeaceus,,809,avibase-7B414273,,
975,Black Bishop,Euplectes gierowii,,3750,avibase-CC7862AF,,
976,Yellow-crowned Bishop,Euplectes afer,,812,avibase-4A58452B,,
977,Fire-fronted Bishop,Euplectes diadematus,,3746,avibase-95A724BE,,
978,Yellow Bishop,Euplectes capensis,,810,avibase-97A73D9F,,
979,White-winged Widowbird,Euplectes albonotatus,,814,avibase-749E7B3C,,
980,Yellow-mantled Widowbird,Euplectes macrourus,,815,avibase-F5E0EA0D,,
981,Red-naped Widowbird,Euplectes ardens,,0,0,,
982,Long-tailed Widowbird,Euplectes progne,,818,avibase-3153FE22,,
983,Marsh Widowbird,Euplectes hartlaubi,,971,avibase-59E7ABE5,,
984,Fan-tailed Widowbird,Euplectes axillaris,,816,avibase-B08FF959,,
985,Jackson's Widowbird,Euplectes jacksoni,,3752,avibase-87071086,,
986,Red-billed Quelea,Quelea quelea,,805,avibase-2B6DE136,,
987,Red-headed Quelea,Quelea erythrops,,806,avibase-F8041931,There is likely an error of identification or taxnomy with the old atlas data,
988,Cardinal Quelea,Quelea cardinalis,,807,avibase-9387DC41,,
989,Parasitic Weaver,Anomalospiza imberbis,,854,avibase-C97A5C39,,
990,Grey-headed Sparrow,Passer griseus,,3852,0,,
991,Rufous Sparrow,Passer motitensis,,3844,avibase-991C0C54,,
992,House Sparrow,Passer domesticus,,784,avibase-240E3390,,
993,Somali Sparrow,Passer castanopterus,,3842,avibase-1D25E0DB,,
994,Chestnut Sparrow,Passer eminibey,,3846,avibase-D8F2F78B,,
995,Yellow-spotted Petronia,Petronia pyrgita,,3874,FCD72CEE4276E471,,
996,Speckle-fronted Weaver,Sporopipes frontalis,,3972,avibase-C90890A3,,
997,White-browed Sparrow-Weaver,Plocepasser mahali,,780,avibase-94C71DF6,,
998,Donaldson-Smith's Sparrow-Weaver,Plocepasser donaldsoni,,3876,avibase-5011E123,,
999,Chestnut-crowned Sparrow-Weaver,Plocepasser superciliosus,,3878,avibase-2C504059,,
1000,Grey-headed Social Weaver,Pseudonigrita arnaudi,,3952,avibase-573C3683,,
1001,Black-capped Social Weaver,Pseudonigrita cabanisi,,3954,avibase-65856D49,,
1002,White-billed Buffalo Weaver,Bubalornis albirostris,,3718,avibase-864D4A4F,,
1003,Red-billed Buffalo Weaver,Bubalornis niger,,779,avibase-9EB53638,,
1004,White-headed Buffalo Weaver,Dinemellia dinemelli,,3730,avibase-00B07B12,,
1005,Grey-headed Negrofinch,Nigrita canicapilla,,1141,avibase-B15F4C49,,
1006,Chestnut-breasted Negrofinch,Nigrita bicolor,0,#N/A,#N/A,,"Rejected by Zimmerman et al. 1996. See East African Rarities Committee (EARC) Special Report
Species included for East African countries in Britton (1980)
which have since been considered unacceptable. https://eararities.org/downloads/Fisher,%20Pearson%20&%20Hunter%202016.pdf"
1007,White-breasted Negrofinch,Nigrita fusconota,,3824,avibase-F3B46894,,
1008,Green-winged Pytilia,Pytilia melba,,830,avibase-01A3BE3C,,
1009,Orange-winged Pytilia,Pytilia afra,,829,avibase-6A1ED1C2,,
1010,Paradise Whydah,Vidua paradisaea,,852,avibase-ACF0F1A2,,
1011,Broad-tailed Paradise Whydah,Vidua obtusa,,853,avibase-C1A42CCA,,
1012,Brown Twinspot,Clytospiza monteiri,,3722,avibase-BD7558AD,,
1013,Peter's Twinspot,Hypargos niveoguttatus,,832,avibase-50490520,,
1014,Green-backed Twinspot,Mandingoa nitidula,,827,avibase-1A6B766A,,
1015,Red-headed Bluebill,Spermophaga ruficapilla,,1190,avibase-46A1FC77,,
1016,Abyssinian Crimson-wing,Cryptospiza salvadorii,,3726,avibase-98B15EE7,,
1017,Bar-breasted Firefinch,Lagonosticta rufopicta,,3768,avibase-43FE4788,,
1018,Red-billed Firefinch,Lagonosticta senegala,,837,avibase-B4A4E4BF,,
1019,Red-billed Firefinch Indigobird,Hypochera chalybeata,,851,avibase-BA01A793,,
1020,Jameson's Firefinch Indigobird,Hypochera purpurascens,,850,avibase-2AA13F1D,,
1021,Jameson's Firefinch,Lagonosticta rhodopareia,,835,avibase-871F32D9,,
1022,African Firefinch,Lagonosticta rubricata,,833,avibase-A6034D7F,This species is prone to misidentification and its maps might be affected by error.,
1023,Black-bellied Firefinch,Lagonosticta rara,,3778,avibase-27012CC9,,
1024,Red-cheeked Cordon-bleu,Uraeginthus bengalus,,3974,avibase-EAE77D96,,
1025,Blue-capped Cordon-bleu,Uraeginthus cyanocephalus,,3976,avibase-5CAE6778,,
1026,Cordon-bleu,Uraeginthus angolensis,0,#N/A,#N/A,,"Rejected by Zimmerman et al. 1996. See East African Rarities Committee (EARC) Special Report
Species included for East African countries in Britton (1980)
which have since been considered unacceptable. https://eararities.org/downloads/Fisher,%20Pearson%20&%20Hunter%202016.pdf"
1027,Purple Grenadier,Uraeginthus ianthinogaster,,3978,avibase-DE689967,,
1028,Straw-tailed Whydah,Vidua fischeri,,3990,avibase-424B857C,,
1029,Waxbill,Estrilda astrild,,843,avibase-61CB98C0,,
1030,Black-rumped Waxbill,Estrilda troglodytes,,3744,avibase-D30DC715,,
1031,Crimson-rumped Waxbill,Estrilda rhodopyga,,817,avibase-6DD8F10F,,
1032,Pin-tailed Whydah,Vidua macroura,,846,avibase-673E66F0,,
1033,Steel-blue Whydah,Vidua hypocherina,,3992,avibase-8D05A048,,
1034,Fawn-breasted Waxbill,Estrilda paludicola,,1090,avibase-1066028B,,
1035,Black-cheeked Waxbill,Estrilda erythronotus,,0,0,,
1036,Black-crowned Waxbill,Estrilda nonnula,,1129,avibase-2680F124,,
1037,Black-headed Waxbill,Estrilda atricapilla,,3740,avibase-C38DEB1A,,
1038,Yellow-bellied Waxbill,Estrilda melanotis,,826,avibase-B9BE800C,,
1039,Zebra Waxbill,Amandava subflava,,838,ECC40D44CF305866,,
1040,Quail-Finch,Ortygospiza atricollis,,844,avibase-8E5252EB,,
1041,Bronze Mannikin,Lonchura cucullata,,823,avibase-142E4CB7,,
1042,Black and White Mannikin,Lonchura bicolor,,824,avibase-E358EC8A,,
1043,Magpie Mannikin,Lonchura fringilloides,,822,avibase-64E386FE,There is likely an error of identification or taxnomy with the old atlas data,
1044,Silver-bill,Lonchura malabarica,,3784,avibase-FC6A9CD0,,
1045,Grey-headed Silver-bill,Lonchura griseicapilla,,3966,avibase-7D6F12FE,,
1046,Cut-throat Finch,Amadina fasciata,,821,avibase-CDDA63E0,,
1047,Cinnamon-breasted Rock Bunting,Emberiza tahapisi,,0,0,,
1048,House Bunting,Emberiza striolata,,4048,avibase-CDF4A106,,
1049,Ortolan Bunting,Emberiza hortulana,,4032,avibase-47210561,,
1050,Golden-breasted Bunting,Emberiza flaviventris,,874,avibase-D1C1A026,,
1051,Somali Golden-breasted Bunting,Emberiza poliopleura,,4038,avibase-72386016,,
1052,Brown-rumped Bunting,Emberiza forbesi,,4020,avibase-BB11EE7F,,
1053,Yellow-crowned Canary,Serinus canicollis,,4098,avibase-DCFFEEC1,,
1054,African Citril,Serinus citrinelloides,,0,0,,
1055,Papyrus Canary,Serinus koliensis,,4080,avibase-5E456730,,
1056,Yellow-fronted Canary,Serinus mozambicus,,859,avibase-169B483C,,
1057,White-bellied Canary,Serinus dorsostriatus,,4096,avibase-90C937E4,,
1058,Yellow-rumped Seed-eater,Serinus atrogularis,,4074,avibase-69EB514A,,
1059,Brimstone Canary,Serinus sulphuratus,,863,avibase-53A5E91F,,
1060,Grosbeak Canary,Serinus donaldsoni,,0,0,,
1061,Streaky-headed Seed-eater,Serinus elgonensis,,4088,avibase-115CB3F4,This map might contains errors,
1062,Stripe-breasted Seed-eater,Serinus reichardi,,834,avibase-E9A83FB4,,
1063,Thick-billed Seed-eater,Serinus burtoni,,1159,avibase-8E8B3DB9,,
1064,Streaky Seed-eater,Serinus striolatus,,778,avibase-580A93C2,,
1065,Oriole Finch,Linurgus olivaceus,,477,avibase-80B649D4,,
9001,Arctic Tern,Sterna paradisaea,,294,avibase-BDC5CF80,"Species not recorded during both the old and new atlas, but recorded in Kenya.",Not recorded in the old atlas
9002,Black Crowned-Crane,Balearica pavonina,,1918,avibase-31413BFF,"Species not recorded during both the old and new atlas, but recorded in Kenya.",Not recorded in the old atlas
9003,Blue-breasted Kingfisher,Halcyon malimbica,,1131,avibase-0D8BDD35,"Species not recorded during both the old and new atlas, but recorded in Kenya.",Not recorded in the old atlas
9004,Cassin's Hawk-Eagle,Aquila africana,,2144,avibase-51FD3E3C,Not recorded in the old atlas,Not recorded in the old atlas
9005,Karamoja Apalis,Apalis karamojae,,3076,avibase-D029B521,Not recorded in the old atlas,Not recorded in the old atlas
9006,Lesser Bristlebill,Bleda notatus,,0,0,Not recorded in the old atlas,Not recorded in the old atlas
9007,Locustfinch,Paludipasser locustella,,845,avibase-EF6293B7,"Species not recorded during both the old and new atlas, but recorded in Kenya.",Not recorded in the old atlas
9008,Mallard,Anas platyrhynchos,,1016,avibase-85625D75,"Species not recorded during both the old and new atlas, but recorded in Kenya.",Not recorded in the old atlas
9009,Oriental Honey-buzzard,Pernis ptilorhynchus,,2140,avibase-1192205B,Not recorded in the old atlas. This species is prone to misidentification and its maps might be affected by error.,Not recorded in the old atlas
9010,Racket-tailed Roller,Coracias spatulatus,,414,avibase-BB456342,Not recorded in the old atlas,Not recorded in the old atlas
9011,River Prinia,Prinia fluviatilis,,3184,avibase-1CB41EB5,"Species not recorded during both the old and new atlas, but recorded in Kenya.",Not recorded in the old atlas
9012,Rosy Starling,Pastor roseus,,9430,avibase-24208346,"Species not recorded during both the old and new atlas, but recorded in Kenya.",Not recorded in the old atlas
9013,Rufous-tailed Weaver,Histurgops ruficauda,,3766,avibase-FD2FEFFD,Not recorded in the old atlas,Not recorded in the old atlas
9014,Sooty Shearwater,Ardenna grisea,,29,avibase-1725B07D,"Species not recorded during both the old and new atlas, but recorded in Kenya. Seabird species maps are unreliable because they are strongly depend on effort",Not recorded in the old atlas
9015,South African Swallow,Petrochelidon spilodera,,504,avibase-7D1AE743,Not recorded in the old atlas,Not recorded in the old atlas
9016,Variable Indigobird,Vidua funerea,,849,avibase-49EF9657,Not recorded in the old atlas,Not recorded in the old atlas
9017,Weyns's Weaver,Ploceus weynsi,,3946,avibase-341298B9,Not recorded in the old atlas,Not recorded in the old atlas
9018,White-capped Albatross,Thalassarche cauta,,4150,avibase-87797B47,"Species not recorded during both the old and new atlas, but recorded in Kenya. Seabird species maps are unreliable because they are strongly depend on effort",Not recorded in the old atlas
9019,Arnot's Chat,Myrmecocichla arnotti,,0,0,Not recorded in the old atlas,Not recorded in the old atlas
9020,Ethiopian Bee-eater,Merops lafresnayii,,0,0,Not recorded in the old atlas,Not recorded in the old atlas
9021,Ethiopian Boubou,Laniarius aethiopicus,,14193,avibase-EBC3B53B,Not recorded in the old atlas,Not recorded in the old atlas
9022,Vinaceous Dove,Streptopelia vinacea,,0,0,"Species not recorded during both the old and new atlas, but recorded in Kenya.",Not recorded in the old atlas
9023,Shoebill,Balaeniceps rex,,1030,avibase-47C7FDFD,"Species not recorded during both the old and new atlas, but recorded in Kenya.",Not recorded in the old atlas
,Taita Thrush,Turdus (olivaceus) helleri,0,2732,avibase-FC085C6D,Not recorded in the old atlas,Not recorded in the old atlas
